participant,Age:1,Gender:1,Prolific:1,condition:1,xb_assign:1,xb_01:1,xb_02:1,xb_03:1,xb_04:1,xb_05:1,xb_06:1,xb_07:1,xb_08:1,xb_09:1,xb_10:1,xb_11:1,xb_12:1,xb_13:1,xb_14:1,xb_15:1,xb_16:1,xb_17:1,xb_18:1,xb_19:1,xb_20:1,xb_21:1,xb_101:1,xb_102:1,xb_103:1,xb_104:1,xb_105:1,xb_106:1,xb_107:1,xb_108:1,xb_109:1,xb_110:1,xb_111:1,xb_112:1,xb_113:1,xb_114:1,xb_22:1,xb_23:1,xb_24:1,xb_25:1,xb_26:1,xb_27:1,xb_28:1,xb_29:1,xb_30:1,xb_31:1,xb_32:1,xb_33:1,xb_34:1,xb_35:1,xb_115:1,xb_116:1,xb_117:1,xb_118:1,xb_119:1,xb_120:1,xb_121:1,xb_122:1,xb_123:1,xb_124:1,xb_125:1,xb_126:1,xb_127:1,xb_128:1,xb_129:1,xb_130:1,xb_131:1,xb_132:1,xb_133:1,xb_134:1,xb_135:1,xb_36:1,xb_37:1,xb_38:1,xb_39:1,xb_40:1,xb_41:1,xb_42:1,xb_43:1,xb_44:1,xb_45:1,xb_46:1,xb_47:1,xb_48:1,xb_49:1,xb_50:1,xb_51:1,xb_52:1,xb_53:1,xb_54:1,xb_55:1,xb_56:1,xb_136:1,xb_137:1,xb_138:1,xb_139:1,xb_140:1,xb_141:1,xb_142:1,xb_143:1,xb_144:1,xb_145:1,xb_146:1,xb_147:1,xb_148:1,xb_149:1,xb_57:1,xb_58:1,xb_59:1,xb_60:1,xb_61:1,xb_62:1,xb_63:1,xb_64:1,xb_65:1,xb_66:1,xb_67:1,xb_68:1,xb_69:1,xb_70:1,xb_150:1,xb_151:1,xb_152:1,xb_153:1,xb_154:1,xb_155:1,xb_156:1,xb_157:1,xb_158:1,xb_159:1,xb_160:1,xb_161:1,xb_162:1,xb_163:1,xb_164:1,xb_165:1,xb_166:1,xb_167:1,xb_168:1,xb_169:1,xb_170:1,sd_assign:1,sd_01:1,sd_02:1,sd_03:1,sd_04:1,sd_05:1,sd_06:1,sd_07:1,sd_08:1,sd_09:1,sd_10:1,sd_11:1,sd_12:1,sd_13:1,sd_14:1,sd_15:1,sd_16:1,sd_17:1,sd_18:1,sd_19:1,sd_20:1,sd_21:1,sd_101:1,sd_102:1,sd_103:1,sd_104:1,sd_105:1,sd_106:1,sd_107:1,sd_108:1,sd_109:1,sd_110:1,sd_111:1,sd_112:1,sd_113:1,sd_114:1,sd_22:1,sd_23:1,sd_24:1,sd_25:1,sd_26:1,sd_27:1,sd_28:1,sd_29:1,sd_30:1,sd_31:1,sd_32:1,sd_33:1,sd_34:1,sd_35:1,sd_115:1,sd_116:1,sd_117:1,sd_118:1,sd_119:1,sd_120:1,sd_121:1,sd_122:1,sd_123:1,sd_124:1,sd_125:1,sd_126:1,sd_127:1,sd_128:1,sd_129:1,sd_130:1,sd_131:1,sd_132:1,sd_133:1,sd_134:1,sd_135:1,sd_36:1,sd_37:1,sd_38:1,sd_39:1,sd_40:1,sd_41:1,sd_42:1,sd_43:1,sd_44:1,sd_45:1,sd_46:1,sd_47:1,sd_48:1,sd_49:1,sd_50:1,sd_51:1,sd_52:1,sd_53:1,sd_54:1,sd_55:1,sd_56:1,sd_136:1,sd_137:1,sd_138:1,sd_139:1,sd_140:1,sd_141:1,sd_142:1,sd_143:1,sd_144:1,sd_145:1,sd_146:1,sd_147:1,sd_148:1,sd_149:1,sd_57:1,sd_58:1,sd_59:1,sd_60:1,sd_61:1,sd_62:1,sd_63:1,sd_64:1,sd_65:1,sd_66:1,sd_67:1,sd_68:1,sd_69:1,sd_70:1,sd_150:1,sd_151:1,sd_152:1,sd_153:1,sd_154:1,sd_155:1,sd_156:1,sd_157:1,sd_158:1,sd_159:1,sd_160:1,sd_161:1,sd_162:1,sd_163:1,sd_164:1,sd_165:1,sd_166:1,sd_167:1,sd_168:1,sd_169:1,sd_170:1,mc_assign:1,mc_01:1,mc_02:1,mc_03:1,mc_04:1,mc_05:1,mc_06:1,mc_07:1,mc_08:1,mc_09:1,mc_10:1,mc_11:1,mc_12:1,mc_13:1,mc_14:1,mc_15:1,mc_16:1,mc_17:1,mc_18:1,mc_19:1,mc_20:1,mc_21:1,mc_101:1,mc_102:1,mc_103:1,mc_104:1,mc_105:1,mc_106:1,mc_107:1,mc_108:1,mc_109:1,mc_110:1,mc_111:1,mc_112:1,mc_113:1,mc_114:1,mc_22:1,mc_23:1,mc_24:1,mc_25:1,mc_26:1,mc_27:1,mc_28:1,mc_29:1,mc_30:1,mc_31:1,mc_32:1,mc_33:1,mc_34:1,mc_35:1,mc_115:1,mc_116:1,mc_117:1,mc_118:1,mc_119:1,mc_120:1,mc_121:1,mc_122:1,mc_123:1,mc_124:1,mc_125:1,mc_126:1,mc_127:1,mc_128:1,mc_129:1,mc_130:1,mc_131:1,mc_132:1,mc_133:1,mc_134:1,mc_135:1,mc_36:1,mc_37:1,mc_38:1,mc_39:1,mc_40:1,mc_41:1,mc_42:1,mc_43:1,mc_44:1,mc_45:1,mc_46:1,mc_47:1,mc_48:1,mc_49:1,mc_50:1,mc_51:1,mc_52:1,mc_53:1,mc_54:1,mc_55:1,mc_56:1,mc_136:1,mc_137:1,mc_138:1,mc_139:1,mc_140:1,mc_141:1,mc_142:1,mc_143:1,mc_144:1,mc_145:1,mc_146:1,mc_147:1,mc_148:1,mc_149:1,mc_57:1,mc_58:1,mc_59:1,mc_60:1,mc_61:1,mc_62:1,mc_63:1,mc_64:1,mc_65:1,mc_66:1,mc_67:1,mc_68:1,mc_69:1,mc_70:1,mc_150:1,mc_151:1,mc_152:1,mc_153:1,mc_154:1,mc_155:1,mc_156:1,mc_157:1,mc_158:1,mc_159:1,mc_160:1,mc_161:1,mc_162:1,mc_163:1,mc_164:1,mc_165:1,mc_166:1,mc_167:1,mc_168:1,mc_169:1,mc_170:1,md_assign:1,md_f01:1,md_f02:1,md_f03:1,md_f04:1,md_f05:1,md_f06:1,md_f07:1,md_f08:1,md_f09:1,md_f10:1,md_f11:1,md_f12:1,md_f13:1,md_f14:1,md_f101:1,md_f102:1,md_f103:1,md_f104:1,md_f105:1,md_f106:1,md_f107:1,md_f108:1,md_f109:1,md_f110:1,md_f111:1,md_f112:1,md_f113:1,md_f114:1,md_m01:1,md_m02:1,md_m03:1,md_m04:1,md_m05:1,md_m06:1,md_m07:1,md_m08:1,md_m09:1,md_m10:1,md_m11:1,md_m12:1,md_m13:1,md_m14:1,md_m101:1,md_m102:1,md_m103:1,md_m104:1,md_m105:1,md_m106:1,md_m107:1,md_m108:1,md_m109:1,md_m110:1,md_m111:1,md_m112:1,md_m113:1,md_m114:1,md_f15:1,md_f16:1,md_f17:1,md_f18:1,md_f19:1,md_f20:1,md_f21:1,md_f115:1,md_f116:1,md_f117:1,md_f118:1,md_f119:1,md_f120:1,md_f121:1,md_f143:1,md_f144:1,md_f145:1,md_f146:1,md_f147:1,md_f148:1,md_f149:1,md_f43:1,md_f44:1,md_f45:1,md_f46:1,md_f47:1,md_f48:1,md_f49:1,md_m15:1,md_m16:1,md_m17:1,md_m18:1,md_m19:1,md_m20:1,md_m21:1,md_m115:1,md_m116:1,md_m117:1,md_m118:1,md_m119:1,md_m120:1,md_m121:1,md_m43:1,md_m44:1,md_m45:1,md_m46:1,md_m47:1,md_m48:1,md_m49:1,md_m143:1,md_m144:1,md_m145:1,md_m146:1,md_m147:1,md_m148:1,md_m149:1,md_f22:1,md_f23:1,md_f24:1,md_f25:1,md_f26:1,md_f27:1,md_f28:1,md_f122:1,md_f123:1,md_f124:1,md_f125:1,md_f126:1,md_f127:1,md_f128:1,md_f36:1,md_f37:1,md_f38:1,md_f39:1,md_f40:1,md_f41:1,md_f42:1,md_f136:1,md_f137:1,md_f138:1,md_f139:1,md_f140:1,md_f141:1,md_f142:1,md_m22:1,md_m23:1,md_m24:1,md_m25:1,md_m26:1,md_m27:1,md_m28:1,md_m122:1,md_m123:1,md_m124:1,md_m125:1,md_m126:1,md_m127:1,md_m128:1,md_m36:1,md_m37:1,md_m38:1,md_m39:1,md_m40:1,md_m41:1,md_m42:1,md_m136:1,md_m137:1,md_m138:1,md_m139:1,md_m140:1,md_m141:1,md_m142:1,md_f29:1,md_f30:1,md_f31:1,md_f32:1,md_f33:1,md_f34:1,md_f35:1,md_f129:1,md_f130:1,md_f131:1,md_f132:1,md_f133:1,md_f134:1,md_f135:1,md_f50:1,md_f51:1,md_f52:1,md_f53:1,md_f54:1,md_f55:1,md_f56:1,md_f150:1,md_f151:1,md_f152:1,md_f153:1,md_f154:1,md_f155:1,md_f156:1,md_m29:1,md_m30:1,md_m31:1,md_m32:1,md_m33:1,md_m34:1,md_m35:1,md_m129:1,md_m130:1,md_m131:1,md_m132:1,md_m133:1,md_m134:1,md_m135:1,md_m50:1,md_m51:1,md_m52:1,md_m53:1,md_m54:1,md_m55:1,md_m56:1,md_m150:1,md_m151:1,md_m152:1,md_m153:1,md_m154:1,md_m155:1,md_m156:1,md_f57:1,md_f58:1,md_f59:1,md_f60:1,md_f61:1,md_f62:1,md_f63:1,md_f157:1,md_f158:1,md_f159:1,md_f160:1,md_f161:1,md_f162:1,md_f163:1,md_f64:1,md_f65:1,md_f66:1,md_f67:1,md_f68:1,md_f69:1,md_f70:1,md_f164:1,md_f165:1,md_f166:1,md_f167:1,md_f168:1,md_f169:1,md_f170:1,md_m57:1,md_m58:1,md_m59:1,md_m60:1,md_m61:1,md_m62:1,md_m63:1,md_m64:1,md_m65:1,md_m66:1,md_m67:1,md_m68:1,md_m69:1,md_m70:1,md_m157:1,md_m158:1,md_m159:1,md_m160:1,md_m161:1,md_m162:1,md_m163:1,md_m164:1,md_m165:1,md_m166:1,md_m167:1,md_m168:1,md_m169:1,md_m170:1,ft_assign:1,ft_01:1,ft_02:1,ft_03:1,ft_04:1,ft_05:1,ft_06:1,ft_07:1,ft_08:1,ft_09:1,ft_10:1,ft_11:1,ft_12:1,ft_13:1,ft_14:1,ft_15:1,ft_16:1,ft_17:1,ft_18:1,ft_19:1,ft_20:1,ft_21:1,ft_101:1,ft_102:1,ft_103:1,ft_104:1,ft_105:1,ft_106:1,ft_107:1,ft_108:1,ft_109:1,ft_110:1,ft_111:1,ft_112:1,ft_113:1,ft_114:1,ft_22:1,ft_23:1,ft_24:1,ft_25:1,ft_26:1,ft_27:1,ft_28:1,ft_29:1,ft_30:1,ft_31:1,ft_32:1,ft_33:1,ft_34:1,ft_35:1,ft_115:1,ft_116:1,ft_117:1,ft_118:1,ft_119:1,ft_120:1,ft_121:1,ft_122:1,ft_123:1,ft_124:1,ft_125:1,ft_126:1,ft_127:1,ft_128:1,ft_129:1,ft_130:1,ft_131:1,ft_132:1,ft_133:1,ft_134:1,ft_135:1,ft_36:1,ft_37:1,ft_38:1,ft_39:1,ft_40:1,ft_41:1,ft_42:1,ft_43:1,ft_44:1,ft_45:1,ft_46:1,ft_47:1,ft_48:1,ft_49:1,ft_50:1,ft_51:1,ft_52:1,ft_53:1,ft_54:1,ft_55:1,ft_56:1,ft_136:1,ft_137:1,ft_138:1,ft_139:1,ft_140:1,ft_141:1,ft_142:1,ft_143:1,ft_144:1,ft_145:1,ft_146:1,ft_147:1,ft_148:1,ft_149:1,ft_57:1,ft_58:1,ft_59:1,ft_60:1,ft_61:1,ft_62:1,ft_63:1,ft_64:1,ft_65:1,ft_66:1,ft_67:1,ft_68:1,ft_69:1,ft_70:1,ft_150:1,ft_151:1,ft_152:1,ft_153:1,ft_154:1,ft_155:1,ft_156:1,ft_157:1,ft_158:1,ft_159:1,ft_160:1,ft_161:1,ft_162:1,ft_163:1,ft_164:1,ft_165:1,ft_166:1,ft_167:1,ft_168:1,ft_169:1,ft_170:1,endcode,TIME_start,TIME_end,TIME_total
s.e9496526-37bb-4e67-9f45-5222dca3a75d.txt,32,woman,"",3,"","","","","","","","","","","","","","","","","","","","","","","","","","","","","","","","","","","","","","","","","","","","","","","","","","","","","","","","","","","","","","","","","","","","","","","","","","","","","","","","","","","","","","","","","","","","","","","","","","","","","","","","","","","","","","","","","","","","","","","","","","","","","","","","","","","","","","","","","","","","","","","","","","","","","","","","","","","","","","","","","","","","","","","","","","","","","","","","","","","","","","","","","","","","","","","","","","","","","","","","","","","","","","","","","","","","","","","","","","","","","","","","","","","","","","","","","","","","","","","","","","","","","","","","","","","","","","","","","","","","","","","","","","","","","","","","","","","","","","","","","","","","","","","","","","","","","","","","","","","","","","","","","","","","","","","","","","","","","","","","","","","","","","","","","","","","","","","","","","","","","","","","","","","","","","","","","","","","","","","","","","","","","","","","","","","","","","","","","","","","","","","","","","","","","","","","","","","","","","","","","","","","","","","","","","","","","","","","","","","","","","","",2,"","","","","","","","","","","","","","","","","","","","","","","","","","","","","","","","","","","","","","","","","","","","","","","","","","","","","","","","","","","","","","","","","","","","","","","","","","","","","","","","","","","","","","","","","","","","","","","","","","","","","","","","","","","","","","","","","","","","","","","","","","","","","","","","","","","","","","",0,0,100,100,100,100,"","","","","","","","","","","","","","","","","","","","","",100,100,100,0,0,0,0,0,0,18,17,100,100,100,"","","","","","","","","","","","","","",0,3,13,100,100,100,100,100,96,93,0,0,0,0,"","","","","","","","","","","","","","",100,82,87,11,0,0,0,0,0,6,100,100,100,100,"","","","","","","",0,0,0,0,100,100,100,"","","","","","","",100,100,100,0,0,0,0,100,100,100,100,0,0,0,"","","","","","","","","","","","","","","","","","","","","","","","","","","","","","","","","","","","","","","","","","","","","","","","","","","","","","","","","","","","","","","","","","","","","","","","","","","","","","","","","","","","","","","","","","","","","","","","","","","","","","","","","","","","","","","","","","","","","","","","","","","","","","","","","","","","","","","","","","","","","","","","","","","","","","","","","","","",22rYXqKNFn,2022-04-20-13-02,2022-04-20-13-28,26
s.df3d9322-ce92-4d3d-a85d-52ce97c02d0b.txt,37,female,"",4,"","","","","","","","","","","","","","","","","","","","","","","","","","","","","","","","","","","","","","","","","","","","","","","","","","","","","","","","","","","","","","","","","","","","","","","","","","","","","","","","","","","","","","","","","","","","","","","","","","","","","","","","","","","","","","","","","","","","","","","","","","","","","","","","","","","","","","","","","","","","","","","","","","","","","","","","","","","","","","","","","","","","","","","","","","","","","","","","","","","","","","","","","","","","","","","","","","","","","","","","","","","","","","","","","","","","","","","","","","","","","","","","","","","","","","","","","","","","","","","","","","","","","","","","","","","","","","","","","","","","","","","","","","","","","","","","","","","","","","","","","","","",2,2,4,1,1,1,1,"","","","","","","",2,2,2,4,1,4,1,1,1,1,1,2,2,2,2,2,2,1,1,1,1,2,2,2,1,1,1,1,2,2,2,4,1,1,1,"","","","","","","","","","","","","","","","","","","","","","","","","","","","","","","","","","","","","","","","","","",2,2,2,4,1,1,1,"","","","","","","",2,2,4,1,1,1,1,2,2,2,2,1,1,1,2,2,1,1,1,1,1,"","","","","","","","","","","","","","","","","","","","","","","","","","","","","","","","","","","","","","","","","","","","","","","","","","","","","","","","","","","","","","","","","","","","","","","","","","","","","","","","","","","","","","","","","","","","","","","","","","","","","","","","","","","","","","","","","","","","","","","","","","","","","","","","","","","","","","","","","","","","","","","","","","","","","","","","","","","","","","","","","","","","","","","","","","","","","","","","","","","","","","","","","","","","","","","","","","","","","","","","","","","","","","","","","","","","","","","","","","","","","","","","","","","","","","","","","","","","","","","","","","","","","","","","","","","","","","","","","","","","","","","","","","","","","","","","","","","","","","","","","","","","","","","","","","","","","","","","","","","","","","","","","","","","","","","","","","","","","","","","","","","","","","","","","","","","","","","","","","","","","","","","","","","","","","","","","","","","","","","","","","","","","","","","","","","","","","","","","","","","","","","","","","","","","","","","","","","","","","","","","","","","","","","","","","","","","","","","","","","","","","","","","","","","","","","","","","","","",2Mu4BVKcP4,2022-04-21-12-57,2022-04-21-13-07,10
s.0b4ac03f-6bd9-403d-98ca-d33ab45fc942.txt,53,man,"",4,"","","","","","","","","","","","","","","","","","","","","","","","","","","","","","","","","","","","","","","","","","","","","","","","","","","","","","","","","","","","","","","","","","","","","","","","","","","","","","","","","","","","","","","","","","","","","","","","","","","","","","","","","","","","","","","","","","","","","","","","","","","","","","","","","","","","","","","","","","","","","","","","","","","","","","","","","","","","","","","","","","","","","","","","","","","","","","","","","","","","","","","","","","","","","","","","","","","","","","","","","","","","","","","","","","","","","","","","","","","","","","","","","","","","","","","","","","","","","","","","","","","","","","","","","","","","","","","","","","","","","","","","","","","","","","","","","","","","","","","","","","","",2,1,1,1,1,1,1,"","","","","","","",2,2,2,1,1,1,1,1,1,1,1,2,2,2,2,2,2,1,1,1,1,2,2,2,1,1,1,1,2,1,2,1,1,1,1,"","","","","","","","","","","","","","","","","","","","","","","","","","","","","","","","","","","","","","","","","","",2,2,2,1,1,1,1,"","","","","","","",2,2,2,1,1,1,1,2,2,2,1,2,1,1,2,2,2,1,1,1,1,"","","","","","","","","","","","","","","","","","","","","","","","","","","","","","","","","","","","","","","","","","","","","","","","","","","","","","","","","","","","","","","","","","","","","","","","","","","","","","","","","","","","","","","","","","","","","","","","","","","","","","","","","","","","","","","","","","","","","","","","","","","","","","","","","","","","","","","","","","","","","","","","","","","","","","","","","","","","","","","","","","","","","","","","","","","","","","","","","","","","","","","","","","","","","","","","","","","","","","","","","","","","","","","","","","","","","","","","","","","","","","","","","","","","","","","","","","","","","","","","","","","","","","","","","","","","","","","","","","","","","","","","","","","","","","","","","","","","","","","","","","","","","","","","","","","","","","","","","","","","","","","","","","","","","","","","","","","","","","","","","","","","","","","","","","","","","","","","","","","","","","","","","","","","","","","","","","","","","","","","","","","","","","","","","","","","","","","","","","","","","","","","","","","","","","","","","","","","","","","","","","","","","","","","","","","","","","","","","","","","","","","","","","","","","","","","","","","","",waUReAkVyb,2022-04-13-15-28,2022-04-13-15-40,12
s.f084110b-46d0-45ea-b96d-0ba13bbea560.txt,21,Female,"",5,"","","","","","","","","","","","","","","","","","","","","","","","","","","","","","","","","","","","","","","","","","","","","","","","","","","","","","","","","","","","","","","","","","","","","","","","","","","","","","","","","","","","","","","","","","","","","","","","","","","","","","","","","","","","","","","","","","","","","","","","","","","","","","","","","","","","","","","","","","","","","","","","","","","","","","","","","","","","","","","","","","","","","","","","","","","","","","","","","","","","","","","","","","","","","","","","","","","","","","","","","","","","","","","","","","","","","","","","","","","","","","","","","","","","","","","","","","","","","","","","","","","","","","","","","","","","","","","","","","","","","","","","","","","","","","","","","","","","","","","","","","","","","","","","","","","","","","","","","","","","","","","","","","","","","","","","","","","","","","","","","","","","","","","","","","","","","","","","","","","","","","","","","","","","","","","","","","","","","","","","","","","","","","","","","","","","","","","","","","","","","","","","","","","","","","","","","","","","","","","","","","","","","","","","","","","","","","","","","","","","","","","","","","","","","","","","","","","","","","","","","","","","","","","","","","","","","","","","","","","","","","","","","","","","","","","","","","","","","","","","","","","","","","","","","","","","","","","","","","","","","","","","","","","","","","","","","","","","","","","","","","","","","","","","","","","","","","","","","","","","","","","","","","","","","","","","","","","","","","","","","","","","","","","","","","","","","","","","","","","","","","","","","","","","","","","","","","","","","","","","","","","","","","","","","","","","","","","","","","","","","","","","","","","","","","","","","","","","","","","","","","","","","","","","","","","","","","","","","","","","","","","","","","","","","","","","","","","","","","","","","","","","","","","","","","","","","","","","","","","","","","","","","",Male,Male,Neutral,Female,Female,Female,Male,"","","","","","","",Male,Male,Male,Male,female,Female,Female,Female,Female,Female,Female,Male,Male,Male,Male,Male,Female,Female,Female,female,Female,Male,Male,Male,Neutral,Female,Female,Female,Male,Neutral,Neutral,Neutral,Female,Female,Female,"","","","","","","","","","","","","","","","","","","","","","","","","","","","","","","","","","","","","","","","","","","",Male,Male,Female,Female,Female,female,"","","","","","","",Male,Male,Male,Neutral,Female,Female,Female,Male,Male,Male,Neutral,Female,Female,Female,Male,Male,Male,Neutral,Female,Female,female,"","","","","","","","","","","","","","",64RKatfU7P,2022-04-21-08-59,2022-04-21-09-09,10
s.72647974-45c1-4a92-84a0-baedd0095155.txt,22,woman,"",4,"","","","","","","","","","","","","","","","","","","","","","","","","","","","","","","","","","","","","","","","","","","","","","","","","","","","","","","","","","","","","","","","","","","","","","","","","","","","","","","","","","","","","","","","","","","","","","","","","","","","","","","","","","","","","","","","","","","","","","","","","","","","","","","","","","","","","","","","","","","","","","","","","","","","","","","","","","","","","","","","","","","","","","","","","","","","","","","","","","","","","","","","","","","","","","","","","","","","","","","","","","","","","","","","","","","","","","","","","","","","","","","","","","","","","","","","","","","","","","","","","","","","","","","","","","","","","","","","","","","","","","","","","","","","","","","","","","","","","","","","","","","",2,2,2,2,1,1,1,"","","","","","","",2,2,2,2,1,1,1,1,1,1,1,2,2,2,2,2,2,2,1,1,1,2,2,2,1,1,1,1,2,2,2,2,1,1,1,"","","","","","","","","","","","","","","","","","","","","","","","","","","","","","","","","","","","","","","","","","",2,2,2,1,1,1,1,"","","","","","","",2,2,2,2,1,1,1,2,2,2,2,1,1,1,2,2,2,1,1,1,1,"","","","","","","","","","","","","","","","","","","","","","","","","","","","","","","","","","","","","","","","","","","","","","","","","","","","","","","","","","","","","","","","","","","","","","","","","","","","","","","","","","","","","","","","","","","","","","","","","","","","","","","","","","","","","","","","","","","","","","","","","","","","","","","","","","","","","","","","","","","","","","","","","","","","","","","","","","","","","","","","","","","","","","","","","","","","","","","","","","","","","","","","","","","","","","","","","","","","","","","","","","","","","","","","","","","","","","","","","","","","","","","","","","","","","","","","","","","","","","","","","","","","","","","","","","","","","","","","","","","","","","","","","","","","","","","","","","","","","","","","","","","","","","","","","","","","","","","","","","","","","","","","","","","","","","","","","","","","","","","","","","","","","","","","","","","","","","","","","","","","","","","","","","","","","","","","","","","","","","","","","","","","","","","","","","","","","","","","","","","","","","","","","","","","","","","","","","","","","","","","","","","","","","","","","","","","","","","","","","","","","","","","","","","","","","","","","","","","",EhqHeuRBVj,2022-04-26-09-44,2022-04-26-10-17,33
s.2cfa1450-f928-41aa-8da3-f4362be8d831.txt,27,female,"",5,"","","","","","","","","","","","","","","","","","","","","","","","","","","","","","","","","","","","","","","","","","","","","","","","","","","","","","","","","","","","","","","","","","","","","","","","","","","","","","","","","","","","","","","","","","","","","","","","","","","","","","","","","","","","","","","","","","","","","","","","","","","","","","","","","","","","","","","","","","","","","","","","","","","","","","","","","","","","","","","","","","","","","","","","","","","","","","","","","","","","","","","","","","","","","","","","","","","","","","","","","","","","","","","","","","","","","","","","","","","","","","","","","","","","","","","","","","","","","","","","","","","","","","","","","","","","","","","","","","","","","","","","","","","","","","","","","","","","","","","","","","","","","","","","","","","","","","","","","","","","","","","","","","","","","","","","","","","","","","","","","","","","","","","","","","","","","","","","","","","","","","","","","","","","","","","","","","","","","","","","","","","","","","","","","","","","","","","","","","","","","","","","","","","","","","","","","","","","","","","","","","","","","","","","","","","","","","","","","","","","","","","","","","","","","","","","","","","","","","","","","","","","","","","","","","","","","","","","","","","","","","","","","","","","","","","","","","","","","","","","","","","","","","","","","","","","","","","","","","","","","","","","","","","","","","","","","","","","","","","","","","","","","","","","","","","","","","","","","","","","","","","","","","","","","","","","","","","","","","","","","","","","","","","","","","","","","","","","","","","","","","","","","","","","","","","","","","","","","","","","","","","","","","","","","","","","","","","","","","","","","","","","","","","","","","","","","","","","","","","","","","","","","","","","","","","","","","","","","","","","","","","","","","","","","","","","","","","","","","","","","","","","","","","","","","","","","","","","","","","","","","","","","",male,male,male,female,female,female,female,"","","","","","","",male,male ,male,male,female,female,female,female,female,female,neutral,male,male,male,male,male,female,female,female,female,female,male,male,neutral,nonbinary,female,female,female,male,male,male,female,female,female,female,"","","","","","","","","","","","","","","","","","","","","","","","","","","","","","","","","","","","","","","","","","","",male ,male,female,female,female,female,"","","","","","","",male,male,male,nonbinary,bigender,bigender,nonbinary,male,male,male,nonbinary,female,female,female,male,male,male,male,female,female,female,"","","","","","","","","","","","","","",d8S6CnP2JW,2022-04-27-10-01,2022-04-27-10-21,20
s.5d5c70ec-013b-4da8-abad-d3feef42ba58.txt,56,Man,"",2,"","","","","","","","","","","","","","","","","","","","","","","","","","","","","","","","","","","","","","","","","","","","","","","","","","","","","","","","","","","","","","","","","","","","","","","","","","","","","","","","","","","","","","","","","","","","","","","","","","","","","","","","","","","","","","","","","","","","","","","","","","","","","","","","","","","","","","","","","","","","","","",97,100,75,9,6,5,1,"","","","","","","",100,96,100,88,8,1,6,4,2,3,70,93,100,97,84,87,90,23,13,15,1,100,100,86,21,1,8,5,84,97,37,16,4,6,2,"","","","","","","","","","","","","","","","","","","","","","","","","","","","","","","","","","","","","","","","","","",99,96,57,45,11,5,8,"","","","","","","",100,99,94,91,26,3,6,100,100,100,75,60,7,3,91,85,83,7,14,7,0,"","","","","","","","","","","","","","","","","","","","","","","","","","","","","","","","","","","","","","","","","","","","","","","","","","","","","","","","","","","","","","","","","","","","","","","","","","","","","","","","","","","","","","","","","","","","","","","","","","","","","","","","","","","","","","","","","","","","","","","","","","","","","","","","","","","","","","","","","","","","","","","","","","","","","","","","","","","","","","","","","","","","","","","","","","","","","","","","","","","","","","","","","","","","","","","","","","","","","","","","","","","","","","","","","","","","","","","","","","","","","","","","","","","","","","","","","","","","","","","","","","","","","","","","","","","","","","","","","","","","","","","","","","","","","","","","","","","","","","","","","","","","","","","","","","","","","","","","","","","","","","","","","","","","","","","","","","","","","","","","","","","","","","","","","","","","","","","","","","","","","","","","","","","","","","","","","","","","","","","","","","","","","","","","","","","","","","","","","","","","","","","","","","","","","","","","","","","","","","","","","","","","","","","","","","","","","","","","","","","","","","","","","","","","","","","","","","","","","","","","","","","","","","","","","","","","","","","","","","","","","","","","","","","","","","","","","","","","","","","","","","","","","","","","","","","","","","","","","","","","","","","","","","","","","","","","","","","","","","","","","","","","","","","","","","","","","","","","","","","","","","","","","","","","","","","","","","","","","","","","","","","","","","","","","","","","","","","","","",rTXjE3ncOt,2022-04-25-16-11,2022-04-25-16-20,9
s.5a566692-2489-4f3f-a18c-22867e096e5b.txt,27,Man,"",1,"",2,2,2,1,1,1,1,"","","","","","","",2,2,2,1,1,1,1,1,1,1,1,2,2,2,2,2,2,1,1,1,1,2,2,2,1,1,1,1,2,2,2,1,1,1,1,"","","","","","","","","","","","","","","","","","","","","","","","","","","","","","","","","","","","","","","","","","",2,2,2,1,1,1,1,"","","","","","","",2,2,2,2,1,1,1,2,2,2,2,1,1,1,2,2,2,1,1,1,1,"","","","","","","","","","","","","","","","","","","","","","","","","","","","","","","","","","","","","","","","","","","","","","","","","","","","","","","","","","","","","","","","","","","","","","","","","","","","","","","","","","","","","","","","","","","","","","","","","","","","","","","","","","","","","","","","","","","","","","","","","","","","","","","","","","","","","","","","","","","","","","","","","","","","","","","","","","","","","","","","","","","","","","","","","","","","","","","","","","","","","","","","","","","","","","","","","","","","","","","","","","","","","","","","","","","","","","","","","","","","","","","","","","","","","","","","","","","","","","","","","","","","","","","","","","","","","","","","","","","","","","","","","","","","","","","","","","","","","","","","","","","","","","","","","","","","","","","","","","","","","","","","","","","","","","","","","","","","","","","","","","","","","","","","","","","","","","","","","","","","","","","","","","","","","","","","","","","","","","","","","","","","","","","","","","","","","","","","","","","","","","","","","","","","","","","","","","","","","","","","","","","","","","","","","","","","","","","","","","","","","","","","","","","","","","","","","","","","","","","","","","","","","","","","","","","","","","","","","","","","","","","","","","","","","","","","","","","","","","","","","","","","","","","","","","","","","","","","","","","","","","","","","","","","","","","","","","","","","","","","","","","","","","","","","","","","","","","","","","","","","","","","","","","","","","","","","","","","","","","","","","","","","","","","","","","","","","","","","","","","","","","","","","","","","","","","","","","","","","","","","","","","","","","","","","","","","","","","","","","","","","","","","","","","","","","","","","","","","","","","","","","","","","","","","","","","","","","","","","","","","","","","","","","","","","","","","","","","","","","","","","","","","","","","","","","","","","","","","","","","","","","","","","","","","","","","","","","","","","",XzAxTh3CtF,2022-04-21-14-00,2022-04-21-14-08,8
s.3625bfba-c25f-4e95-8bc6-471432bdc716.txt,22,Female,"",2,"","","","","","","","","","","","","","","","","","","","","","","","","","","","","","","","","","","","","","","","","","","","","","","","","","","","","","","","","","","","","","","","","","","","","","","","","","","","","","","","","","","","","","","","","","","","","","","","","","","","","","","","","","","","","","","","","","","","","","","","","","","","","","","","","","","","","","","","","","","","","","",66,78,36,33,33,23,14,"","","","","","","",67,62,65,68,39,34,30,13,14,21,62,68,92,97,89,89,70,23,30,21,24,85,80,77,58,17,16,9,70,66,33,35,33,27,25,"","","","","","","","","","","","","","","","","","","","","","","","","","","","","","","","","","","","","","","","","","",84,77,66,45,15,27,21,"","","","","","","",77,70,63,65,27,13,24,84,61,61,68,27,32,26,70,78,61,32,32,15,7,"","","","","","","","","","","","","","","","","","","","","","","","","","","","","","","","","","","","","","","","","","","","","","","","","","","","","","","","","","","","","","","","","","","","","","","","","","","","","","","","","","","","","","","","","","","","","","","","","","","","","","","","","","","","","","","","","","","","","","","","","","","","","","","","","","","","","","","","","","","","","","","","","","","","","","","","","","","","","","","","","","","","","","","","","","","","","","","","","","","","","","","","","","","","","","","","","","","","","","","","","","","","","","","","","","","","","","","","","","","","","","","","","","","","","","","","","","","","","","","","","","","","","","","","","","","","","","","","","","","","","","","","","","","","","","","","","","","","","","","","","","","","","","","","","","","","","","","","","","","","","","","","","","","","","","","","","","","","","","","","","","","","","","","","","","","","","","","","","","","","","","","","","","","","","","","","","","","","","","","","","","","","","","","","","","","","","","","","","","","","","","","","","","","","","","","","","","","","","","","","","","","","","","","","","","","","","","","","","","","","","","","","","","","","","","","","","","","","","","","","","","","","","","","","","","","","","","","","","","","","","","","","","","","","","","","","","","","","","","","","","","","","","","","","","","","","","","","","","","","","","","","","","","","","","","","","","","","","","","","","","","","","","","","","","","","","","","","","","","","","","","","","","","","","","","","","","","","","","","","","","","","","","","","","","","","","","","","","","",aQNexbTNdU,2022-04-20-09-07,2022-04-20-09-17,10
s.bd9098a7-45e8-48de-93ae-c679688fcada.txt,54,Male,"",2,"","","","","","","","","","","","","","","","","","","","","","","","","","","","","","","","","","","","","","","","","","","","","","","","","","","","","","","","","","","","","","","","","","","","","","","","","","","","","","","","","","","","","","","","","","","","","","","","","","","","","","","","","","","","","","","","","","","","","","","","","","","","","","","","","","","","","","","","","","","","","","",81,92,46,38,7,7,3,"","","","","","","",90,97,87,45,15,17,13,4,5,6,4,55,90,97,98,60,45,48,43,4,11,98,99,88,67,31,3,1,74,91,72,66,3,16,21,"","","","","","","","","","","","","","","","","","","","","","","","","","","","","","","","","","","","","","","","","","",96,95,68,36,5,18,12,"","","","","","","",98,95,95,34,25,11,14,99,97,83,70,16,12,15,95,81,58,39,18,8,5,"","","","","","","","","","","","","","","","","","","","","","","","","","","","","","","","","","","","","","","","","","","","","","","","","","","","","","","","","","","","","","","","","","","","","","","","","","","","","","","","","","","","","","","","","","","","","","","","","","","","","","","","","","","","","","","","","","","","","","","","","","","","","","","","","","","","","","","","","","","","","","","","","","","","","","","","","","","","","","","","","","","","","","","","","","","","","","","","","","","","","","","","","","","","","","","","","","","","","","","","","","","","","","","","","","","","","","","","","","","","","","","","","","","","","","","","","","","","","","","","","","","","","","","","","","","","","","","","","","","","","","","","","","","","","","","","","","","","","","","","","","","","","","","","","","","","","","","","","","","","","","","","","","","","","","","","","","","","","","","","","","","","","","","","","","","","","","","","","","","","","","","","","","","","","","","","","","","","","","","","","","","","","","","","","","","","","","","","","","","","","","","","","","","","","","","","","","","","","","","","","","","","","","","","","","","","","","","","","","","","","","","","","","","","","","","","","","","","","","","","","","","","","","","","","","","","","","","","","","","","","","","","","","","","","","","","","","","","","","","","","","","","","","","","","","","","","","","","","","","","","","","","","","","","","","","","","","","","","","","","","","","","","","","","","","","","","","","","","","","","","","","","","","","","","","","","","","","","","","","","","","","","","","","","","","","","","","","","","",Qsp6eaaRFw,2022-04-21-15-58,2022-04-21-16-13,15
s.ac71e8e5-2333-4fbf-a43f-48e79c536416.txt,27,woman,"",4,"","","","","","","","","","","","","","","","","","","","","","","","","","","","","","","","","","","","","","","","","","","","","","","","","","","","","","","","","","","","","","","","","","","","","","","","","","","","","","","","","","","","","","","","","","","","","","","","","","","","","","","","","","","","","","","","","","","","","","","","","","","","","","","","","","","","","","","","","","","","","","","","","","","","","","","","","","","","","","","","","","","","","","","","","","","","","","","","","","","","","","","","","","","","","","","","","","","","","","","","","","","","","","","","","","","","","","","","","","","","","","","","","","","","","","","","","","","","","","","","","","","","","","","","","","","","","","","","","","","","","","","","","","","","","","","","","","","","","","","","","","","",2,2,1,1,1,1,1,"","","","","","","",2,2,2,1,1,1,1,1,1,1,1,1,2,2,2,1,1,1,1,1,1,2,2,2,1,1,1,1,2,2,1,1,1,1,1,"","","","","","","","","","","","","","","","","","","","","","","","","","","","","","","","","","","","","","","","","","",2,2,2,2,1,1,1,"","","","","","","",2,2,2,2,1,1,1,2,2,2,1,1,1,1,2,2,1,1,1,1,1,"","","","","","","","","","","","","","","","","","","","","","","","","","","","","","","","","","","","","","","","","","","","","","","","","","","","","","","","","","","","","","","","","","","","","","","","","","","","","","","","","","","","","","","","","","","","","","","","","","","","","","","","","","","","","","","","","","","","","","","","","","","","","","","","","","","","","","","","","","","","","","","","","","","","","","","","","","","","","","","","","","","","","","","","","","","","","","","","","","","","","","","","","","","","","","","","","","","","","","","","","","","","","","","","","","","","","","","","","","","","","","","","","","","","","","","","","","","","","","","","","","","","","","","","","","","","","","","","","","","","","","","","","","","","","","","","","","","","","","","","","","","","","","","","","","","","","","","","","","","","","","","","","","","","","","","","","","","","","","","","","","","","","","","","","","","","","","","","","","","","","","","","","","","","","","","","","","","","","","","","","","","","","","","","","","","","","","","","","","","","","","","","","","","","","","","","","","","","","","","","","","","","","","","","","","","","","","","","","","","","","","","","","","","","","","","","","","","","",YyEeqyBZ5O,2022-04-25-13-02,2022-04-25-13-06,4
s.4423d809-189f-4320-a094-f6286893a26d.txt,52,Male,"",3,"","","","","","","","","","","","","","","","","","","","","","","","","","","","","","","","","","","","","","","","","","","","","","","","","","","","","","","","","","","","","","","","","","","","","","","","","","","","","","","","","","","","","","","","","","","","","","","","","","","","","","","","","","","","","","","","","","","","","","","","","","","","","","","","","","","","","","","","","","","","","","","","","","","","","","","","","","","","","","","","","","","","","","","","","","","","","","","","","","","","","","","","","","","","","","","","","","","","","","","","","","","","","","","","","","","","","","","","","","","","","","","","","","","","","","","","","","","","","","","","","","","","","","","","","","","","","","","","","","","","","","","","","","","","","","","","","","","","","","","","","","","","","","","","","","","","","","","","","","","","","","","","","","","","","","","","","","","","","","","","","","","","","","","","","","","","","","","","","","","","","","","","","","","","","","","","","","","","","","","","","","","","","","","","","","","","","","","","","","","","","","","","","","","","","","","","","","","","","","","","","","","","","","","","","","","","","","","","","","","","","","","",1,0,8,2,89,93,98,96,"","","","","","","",95,95,97,97,61,1,0,"",33,92,97,94,95,100,94,92,67,70,31,1,1,"","","","","","","",3,1,3,7,4,95,92,88,88,67,40,3,8,1,0,0,23,94,94,95,96,"","","","","","","","","","","","","","","","","","","","","",100,96,94,90,42,43,10,"","","","","","","","","","","","","","","","","","","","","",0,0,1,72,89,99,100,"","","","","","","","","","","","","","","","","","","","","",99,94,66,37,1,3,1,"","","","","","","","","","","","","","","","","","","","","","","","","","","","","","","","","","","","","","","","","","","","","","","","","","","","","","","","","","","","","","","","","","","","","","","","","","","","","","","","","","","","","","","","","","","","","","","","","","","","","","","","","","","","","","","","","","","","","","","","","","","","","","","","","","","","","","","","","","","","","","","","","","","","","","","","","","","","","","","","","","","","","","","","","","","","","","","","","","","","","","","","","","","","","","","","","","","","","","","","","","","","","","","","","","","","","","","","","","","","","","","","","","","","","","","","","","","","","","","","","","","","","","","","","","","","","","","","","","","","","","","","","","","","","","","","","","",6PUr3Em6p7,2022-04-13-14-41,2022-04-13-14-54,13
s.180b9d4c-76af-40f0-a2bd-1444a63ee305.txt,33,Woman,"",2,"","","","","","","","","","","","","","","","","","","","","","","","","","","","","","","","","","","","","","","","","","","","","","","","","","","","","","","","","","","","","","","","","","","","","","","","","","","","","","","","","","","","","","","","","","","","","","","","","","","","","","","","","","","","","","","","","","","","","","","","","","","","","","","","","","","","","","","","","","","","","","",92,87,76,32,18,8,0,"","","","","","","",99,62,75,51,50,9,20,0,0,0,50,81,100,100,98,78,0,0,0,0,0,100,100,77,68,15,0,0,51,50,51,41,40,0,0,"","","","","","","","","","","","","","","","","","","","","","","","","","","","","","","","","","","","","","","","","","",100,100,84,22,0,0,0,"","","","","","","",92,100,70,58,25,0,0,100,100,65,50,16,14,6,93,85,81,50,1,0,0,"","","","","","","","","","","","","","","","","","","","","","","","","","","","","","","","","","","","","","","","","","","","","","","","","","","","","","","","","","","","","","","","","","","","","","","","","","","","","","","","","","","","","","","","","","","","","","","","","","","","","","","","","","","","","","","","","","","","","","","","","","","","","","","","","","","","","","","","","","","","","","","","","","","","","","","","","","","","","","","","","","","","","","","","","","","","","","","","","","","","","","","","","","","","","","","","","","","","","","","","","","","","","","","","","","","","","","","","","","","","","","","","","","","","","","","","","","","","","","","","","","","","","","","","","","","","","","","","","","","","","","","","","","","","","","","","","","","","","","","","","","","","","","","","","","","","","","","","","","","","","","","","","","","","","","","","","","","","","","","","","","","","","","","","","","","","","","","","","","","","","","","","","","","","","","","","","","","","","","","","","","","","","","","","","","","","","","","","","","","","","","","","","","","","","","","","","","","","","","","","","","","","","","","","","","","","","","","","","","","","","","","","","","","","","","","","","","","","","","","","","","","","","","","","","","","","","","","","","","","","","","","","","","","","","","","","","","","","","","","","","","","","","","","","","","","","","","","","","","","","","","","","","","","","","","","","","","","","","","","","","","","","","","","","","","","","","","","","","","","","","","","","","","","","","","","","","","","","","","","","","","","","","","","","","","","","","","","","","",WSCne2yeLM,2022-04-22-16-04,2022-04-22-16-14,10
s.cb207d12-504e-48eb-9683-dd4f5d01887e.txt,38,female (woman),"",4,"","","","","","","","","","","","","","","","","","","","","","","","","","","","","","","","","","","","","","","","","","","","","","","","","","","","","","","","","","","","","","","","","","","","","","","","","","","","","","","","","","","","","","","","","","","","","","","","","","","","","","","","","","","","","","","","","","","","","","","","","","","","","","","","","","","","","","","","","","","","","","","","","","","","","","","","","","","","","","","","","","","","","","","","","","","","","","","","","","","","","","","","","","","","","","","","","","","","","","","","","","","","","","","","","","","","","","","","","","","","","","","","","","","","","","","","","","","","","","","","","","","","","","","","","","","","","","","","","","","","","","","","","","","","","","","","","","","","","","","","","","","",2,2,1,1,1,1,1,"","","","","","","",2,2,2,2,1,1,1,1,1,1,1,4,2,2,2,2,1,1,1,1,1,2,2,4,1,1,1,1,2,2,2,1,1,1,1,"","","","","","","","","","","","","","","","","","","","","","","","","","","","","","","","","","","","","","","","","","",2,2,2,1,1,1,1,"","","","","","","",2,2,2,4,1,1,1,2,2,2,4,4,1,1,2,2,2,4,1,1,1,"","","","","","","","","","","","","","","","","","","","","","","","","","","","","","","","","","","","","","","","","","","","","","","","","","","","","","","","","","","","","","","","","","","","","","","","","","","","","","","","","","","","","","","","","","","","","","","","","","","","","","","","","","","","","","","","","","","","","","","","","","","","","","","","","","","","","","","","","","","","","","","","","","","","","","","","","","","","","","","","","","","","","","","","","","","","","","","","","","","","","","","","","","","","","","","","","","","","","","","","","","","","","","","","","","","","","","","","","","","","","","","","","","","","","","","","","","","","","","","","","","","","","","","","","","","","","","","","","","","","","","","","","","","","","","","","","","","","","","","","","","","","","","","","","","","","","","","","","","","","","","","","","","","","","","","","","","","","","","","","","","","","","","","","","","","","","","","","","","","","","","","","","","","","","","","","","","","","","","","","","","","","","","","","","","","","","","","","","","","","","","","","","","","","","","","","","","","","","","","","","","","","","","","","","","","","","","","","","","","","","","","","","","","","","","","","","","","","",ORAYTWUWpV,2022-04-20-16-04,2022-04-20-16-12,8
s.e09535dd-b5ca-4de3-b00f-14949d47525d.txt,25,Female,"",1,"",2,2,2,2,1,1,1,"","","","","","","",2,2,2,2,1,1,1,1,1,1,1,2,2,2,2,1,1,1,1,1,1,2,2,2,1,1,1,1,2,2,2,1,1,1,1,"","","","","","","","","","","","","","","","","","","","","","","","","","","","","","","","","","","","","","","","","","",2,2,2,1,1,1,1,"","","","","","","",2,2,2,1,1,1,1,2,2,2,2,1,1,1,2,2,2,1,1,1,1,"","","","","","","","","","","","","","","","","","","","","","","","","","","","","","","","","","","","","","","","","","","","","","","","","","","","","","","","","","","","","","","","","","","","","","","","","","","","","","","","","","","","","","","","","","","","","","","","","","","","","","","","","","","","","","","","","","","","","","","","","","","","","","","","","","","","","","","","","","","","","","","","","","","","","","","","","","","","","","","","","","","","","","","","","","","","","","","","","","","","","","","","","","","","","","","","","","","","","","","","","","","","","","","","","","","","","","","","","","","","","","","","","","","","","","","","","","","","","","","","","","","","","","","","","","","","","","","","","","","","","","","","","","","","","","","","","","","","","","","","","","","","","","","","","","","","","","","","","","","","","","","","","","","","","","","","","","","","","","","","","","","","","","","","","","","","","","","","","","","","","","","","","","","","","","","","","","","","","","","","","","","","","","","","","","","","","","","","","","","","","","","","","","","","","","","","","","","","","","","","","","","","","","","","","","","","","","","","","","","","","","","","","","","","","","","","","","","","","","","","","","","","","","","","","","","","","","","","","","","","","","","","","","","","","","","","","","","","","","","","","","","","","","","","","","","","","","","","","","","","","","","","","","","","","","","","","","","","","","","","","","","","","","","","","","","","","","","","","","","","","","","","","","","","","","","","","","","","","","","","","","","","","","","","","","","","","","","","","","","","","","","","","","","","","","","","","","","","","","","","","","","","","","","","","","","","","","","","","","","","","","","","","","","","","","","","","","","","","","","","","","","","","","","","","","","","","","","","","","","","","","","","","","","","","","","","","","","","","","","","","","","","","","","","","","","","","","","","","","","","","","","","","","","","","","","","","","","","","","",Ng9ON8ShWk,2022-04-21-13-15,2022-04-21-13-21,6
s.a5b3386a-53f1-4289-a99a-62a987c3e73f.txt,23,Female,"",3,"","","","","","","","","","","","","","","","","","","","","","","","","","","","","","","","","","","","","","","","","","","","","","","","","","","","","","","","","","","","","","","","","","","","","","","","","","","","","","","","","","","","","","","","","","","","","","","","","","","","","","","","","","","","","","","","","","","","","","","","","","","","","","","","","","","","","","","","","","","","","","","","","","","","","","","","","","","","","","","","","","","","","","","","","","","","","","","","","","","","","","","","","","","","","","","","","","","","","","","","","","","","","","","","","","","","","","","","","","","","","","","","","","","","","","","","","","","","","","","","","","","","","","","","","","","","","","","","","","","","","","","","","","","","","","","","","","","","","","","","","","","","","","","","","","","","","","","","","","","","","","","","","","","","","","","","","","","","","","","","","","","","","","","","","","","","","","","","","","","","","","","","","","","","","","","","","","","","","","","","","","","","","","","","","","","","","","","","","","","","","","","","","","","","","","","","","","","","","","","","","","","","","","","","","","","","","","","","","","","","","","","",1,0,0,0,59,91,100,100,"","","","","","","",100,100,100,14,0,0,0,"",0,19,86,100,100,100,100,100,100,81,0,0,0,"","","","","","","",0,0,37,100,100,100,100,100,100,100,90,0,0,0,0,19,0,14,83,100,100,"","","","","","","","","","","","","","","","","","","","","",100,100,100,100,0,0,0,"","","","","","","","","","","","","","","","","","","","","",0,0,0,0,100,100,100,"","","","","","","","","","","","","","","","","","","","","",100,100,100,100,0,0,0,"","","","","","","","","","","","","","","","","","","","","","","","","","","","","","","","","","","","","","","","","","","","","","","","","","","","","","","","","","","","","","","","","","","","","","","","","","","","","","","","","","","","","","","","","","","","","","","","","","","","","","","","","","","","","","","","","","","","","","","","","","","","","","","","","","","","","","","","","","","","","","","","","","","","","","","","","","","","","","","","","","","","","","","","","","","","","","","","","","","","","","","","","","","","","","","","","","","","","","","","","","","","","","","","","","","","","","","","","","","","","","","","","","","","","","","","","","","","","","","","","","","","","","","","","","","","","","","","","","","","","","","","","","","","","","","","","","",5mfk5YJzJv,2022-04-20-10-51,2022-04-20-11-06,15
s.cd205fe1-4b5f-4481-b06b-69819c2b1ff2.txt,56,Woman,"",1,"",2,2,2,2,1,1,1,"","","","","","","",2,2,2,1,1,1,1,1,1,1,1,1,2,2,2,2,2,2,2,1,1,2,2,2,2,1,1,1,2,2,2,2,1,1,1,"","","","","","","","","","","","","","","","","","","","","","","","","","","","","","","","","","","","","","","","","","",2,2,2,1,1,1,1,"","","","","","","",2,2,2,2,1,1,1,2,2,2,1,1,1,1,2,2,2,1,1,1,1,"","","","","","","","","","","","","","","","","","","","","","","","","","","","","","","","","","","","","","","","","","","","","","","","","","","","","","","","","","","","","","","","","","","","","","","","","","","","","","","","","","","","","","","","","","","","","","","","","","","","","","","","","","","","","","","","","","","","","","","","","","","","","","","","","","","","","","","","","","","","","","","","","","","","","","","","","","","","","","","","","","","","","","","","","","","","","","","","","","","","","","","","","","","","","","","","","","","","","","","","","","","","","","","","","","","","","","","","","","","","","","","","","","","","","","","","","","","","","","","","","","","","","","","","","","","","","","","","","","","","","","","","","","","","","","","","","","","","","","","","","","","","","","","","","","","","","","","","","","","","","","","","","","","","","","","","","","","","","","","","","","","","","","","","","","","","","","","","","","","","","","","","","","","","","","","","","","","","","","","","","","","","","","","","","","","","","","","","","","","","","","","","","","","","","","","","","","","","","","","","","","","","","","","","","","","","","","","","","","","","","","","","","","","","","","","","","","","","","","","","","","","","","","","","","","","","","","","","","","","","","","","","","","","","","","","","","","","","","","","","","","","","","","","","","","","","","","","","","","","","","","","","","","","","","","","","","","","","","","","","","","","","","","","","","","","","","","","","","","","","","","","","","","","","","","","","","","","","","","","","","","","","","","","","","","","","","","","","","","","","","","","","","","","","","","","","","","","","","","","","","","","","","","","","","","","","","","","","","","","","","","","","","","","","","","","","","","","","","","","","","","","","","","","","","","","","","","","","","","","","","","","","","","","","","","","","","","","","","","","","","","","","","","","","","","","","","","","","","","","","","","","","","","","","","","","","","","","","","","",7N3GbGw8Um,2022-04-20-14-02,2022-04-20-14-12,10
s.a33c4b06-f1eb-4f8d-9106-3730625046cc.txt,33,Female,"",3,"","","","","","","","","","","","","","","","","","","","","","","","","","","","","","","","","","","","","","","","","","","","","","","","","","","","","","","","","","","","","","","","","","","","","","","","","","","","","","","","","","","","","","","","","","","","","","","","","","","","","","","","","","","","","","","","","","","","","","","","","","","","","","","","","","","","","","","","","","","","","","","","","","","","","","","","","","","","","","","","","","","","","","","","","","","","","","","","","","","","","","","","","","","","","","","","","","","","","","","","","","","","","","","","","","","","","","","","","","","","","","","","","","","","","","","","","","","","","","","","","","","","","","","","","","","","","","","","","","","","","","","","","","","","","","","","","","","","","","","","","","","","","","","","","","","","","","","","","","","","","","","","","","","","","","","","","","","","","","","","","","","","","","","","","","","","","","","","","","","","","","","","","","","","","","","","","","","","","","","","","","","","","","","","","","","","","","","","","","","","","","","","","","","","","","","","","","","","","","","","","","","","","","","","","","","","","","","","","","","","","","","",2,"","","","","","","","","","","","","","","","","","","","","","","","","","","","","","","","","","","","","","","","","","","","","","","","","","","","","","","","","","","","","","","","","","","","","","","","","","","","","","","","","","","","","","","","","","","","","","","","","","","","","","","","","","","","","","","","","","","","","","","","","","","","","","","","","","","","","","",0,31,79,100,100,100,"","","","","","","","","","","","","","","","","","","","","",100,100,100,0,0,0,0,5,12,23,52,100,100,100,"","","","","","","","","","","","","","",4,0,12,71,73,100,100,100,100,100,20,19,0,0,"","","","","","","","","","","","","","",100,100,100,7,0,0,0,0,0,25,28,73,100,100,"","","","","","","",0,0,19,25,78,100,100,"","","","","","","",100,100,100,100,0,0,0,100,100,100,100,0,0,0,"","","","","","","","","","","","","","","","","","","","","","","","","","","","","","","","","","","","","","","","","","","","","","","","","","","","","","","","","","","","","","","","","","","","","","","","","","","","","","","","","","","","","","","","","","","","","","","","","","","","","","","","","","","","","","","","","","","","","","","","","","","","","","","","","","","","","","","","","","","","","","","","","","","","","","","","","","","",M9d2qWbSEc,2022-04-13-10-54,2022-04-13-11-11,17
