participant,Demo,Age,Gender,Prolific,condition,xb_assign,xb_cb1,xb_01,xb_02,xb_03,xb_04,xb_05,xb_06,xb_07,xb_08,xb_09,xb_10,xb_11,xb_12,xb_13,xb_14,xb_15,xb_16,xb_17,xb_18,xb_19,xb_20,xb_21,xb_101,xb_102,xb_103,xb_104,xb_105,xb_106,xb_107,xb_108,xb_109,xb_110,xb_111,xb_112,xb_113,xb_114,xb_cb2,xb_22,xb_23,xb_24,xb_25,xb_26,xb_27,xb_28,xb_29,xb_30,xb_31,xb_32,xb_33,xb_34,xb_35,xb_115,xb_116,xb_117,xb_118,xb_119,xb_120,xb_121,xb_122,xb_123,xb_124,xb_125,xb_126,xb_127,xb_128,xb_129,xb_130,xb_131,xb_132,xb_133,xb_134,xb_135,xb_cb3,xb_36,xb_37,xb_38,xb_39,xb_40,xb_41,xb_42,xb_43,xb_44,xb_45,xb_46,xb_47,xb_48,xb_49,xb_50,xb_51,xb_52,xb_53,xb_54,xb_55,xb_56,xb_136,xb_137,xb_138,xb_139,xb_140,xb_141,xb_142,xb_143,xb_144,xb_145,xb_146,xb_147,xb_148,xb_149,xb_cb4,xb_57,xb_58,xb_59,xb_60,xb_61,xb_62,xb_63,xb_64,xb_65,xb_66,xb_67,xb_68,xb_69,xb_70,xb_150,xb_151,xb_152,xb_153,xb_154,xb_155,xb_156,xb_157,xb_158,xb_159,xb_160,xb_161,xb_162,xb_163,xb_164,xb_165,xb_166,xb_167,xb_168,xb_169,xb_170,sd_assign,sd_cb1,sd_01,sd_02,sd_03,sd_04,sd_05,sd_06,sd_07,sd_08,sd_09,sd_10,sd_11,sd_12,sd_13,sd_14,sd_15,sd_16,sd_17,sd_18,sd_19,sd_20,sd_21,sd_101,sd_102,sd_103,sd_104,sd_105,sd_106,sd_107,sd_108,sd_109,sd_110,sd_111,sd_112,sd_113,sd_114,sd_cb2,sd_22,sd_23,sd_24,sd_25,sd_26,sd_27,sd_28,sd_29,sd_30,sd_31,sd_32,sd_33,sd_34,sd_35,sd_115,sd_116,sd_117,sd_118,sd_119,sd_120,sd_121,sd_122,sd_123,sd_124,sd_125,sd_126,sd_127,sd_128,sd_129,sd_130,sd_131,sd_132,sd_133,sd_134,sd_135,sd_cb3,sd_36,sd_37,sd_38,sd_39,sd_40,sd_41,sd_42,sd_43,sd_44,sd_45,sd_46,sd_47,sd_48,sd_49,sd_50,sd_51,sd_52,sd_53,sd_54,sd_55,sd_56,sd_136,sd_137,sd_138,sd_139,sd_140,sd_141,sd_142,sd_143,sd_144,sd_145,sd_146,sd_147,sd_148,sd_149,sd_cb4,sd_57,sd_58,sd_59,sd_60,sd_61,sd_62,sd_63,sd_64,sd_65,sd_66,sd_67,sd_68,sd_69,sd_70,sd_150,sd_151,sd_152,sd_153,sd_154,sd_155,sd_156,sd_157,sd_158,sd_159,sd_160,sd_161,sd_162,sd_163,sd_164,sd_165,sd_166,sd_167,sd_168,sd_169,sd_170,mc_assign,mc_cb1,mc_01,mc_02,mc_03,mc_04,mc_05,mc_06,mc_07,mc_08,mc_09,mc_10,mc_11,mc_12,mc_13,mc_14,mc_15,mc_16,mc_17,mc_18,mc_19,mc_20,mc_21,mc_101,mc_102,mc_103,mc_104,mc_105,mc_106,mc_107,mc_108,mc_109,mc_110,mc_111,mc_112,mc_113,mc_114,mc_cb2,mc_22,mc_23,mc_24,mc_25,mc_26,mc_27,mc_28,mc_29,mc_30,mc_31,mc_32,mc_33,mc_34,mc_35,mc_115,mc_116,mc_117,mc_118,mc_119,mc_120,mc_121,mc_122,mc_123,mc_124,mc_125,mc_126,mc_127,mc_128,mc_129,mc_130,mc_131,mc_132,mc_133,mc_134,mc_135,mc_cb3,mc_36,mc_37,mc_38,mc_39,mc_40,mc_41,mc_42,mc_43,mc_44,mc_45,mc_46,mc_47,mc_48,mc_49,mc_50,mc_51,mc_52,mc_53,mc_54,mc_55,mc_56,mc_136,mc_137,mc_138,mc_139,mc_140,mc_141,mc_142,mc_143,mc_144,mc_145,mc_146,mc_147,mc_148,mc_149,mc_cb4,mc_57,mc_58,mc_59,mc_60,mc_61,mc_62,mc_63,mc_64,mc_65,mc_66,mc_67,mc_68,mc_69,mc_70,mc_150,mc_151,mc_152,mc_153,mc_154,mc_155,mc_156,mc_157,mc_158,mc_159,mc_160,mc_161,mc_162,mc_163,mc_164,mc_165,mc_166,mc_167,mc_168,mc_169,mc_170,md_assign,md_cb1,md_f01,md_f02,md_f03,md_f04,md_f05,md_f06,md_f07,md_f08,md_f09,md_f10,md_f11,md_f12,md_f13,md_f14,md_f101,md_f102,md_f103,md_f104,md_f105,md_f106,md_f107,md_f108,md_f109,md_f110,md_f111,md_f112,md_f113,md_f114,break_fff,md_m01,md_m02,md_m03,md_m04,md_m05,md_m06,md_m07,md_m08,md_m09,md_m10,md_m11,md_m12,md_m13,md_m14,md_m101,md_m102,md_m103,md_m104,md_m105,md_m106,md_m107,md_m108,md_m109,md_m110,md_m111,md_m112,md_m113,md_m114,md_cb2,md_f15,md_f16,md_f17,md_f18,md_f19,md_f20,md_f21,md_f115,md_f116,md_f117,md_f118,md_f119,md_f120,md_f121,md_f143,md_f144,md_f145,md_f146,md_f147,md_f148,md_f149,md_f43,md_f44,md_f45,md_f46,md_f47,md_f48,md_f49,break_yyyy,md_m15,md_m16,md_m17,md_m18,md_m19,md_m20,md_m21,md_m115,md_m116,md_m117,md_m118,md_m119,md_m120,md_m121,md_m43,md_m44,md_m45,md_m46,md_m47,md_m48,md_m49,md_m143,md_m144,md_m145,md_m146,md_m147,md_m148,md_m149,md_cb3,md_f22,md_f23,md_f24,md_f25,md_f26,md_f27,md_f28,md_f122,md_f123,md_f124,md_f125,md_f126,md_f127,md_f128,md_f36,md_f37,md_f38,md_f39,md_f40,md_f41,md_f42,md_f136,md_f137,md_f138,md_f139,md_f140,md_f141,md_f142,break_XX,md_m22,md_m23,md_m24,md_m25,md_m26,md_m27,md_m28,md_m122,md_m123,md_m124,md_m125,md_m126,md_m127,md_m128,md_m36,md_m37,md_m38,md_m39,md_m40,md_m41,md_m42,md_m136,md_m137,md_m138,md_m139,md_m140,md_m141,md_m142,md_cb4,md_f29,md_f30,md_f31,md_f32,md_f33,md_f34,md_f35,md_f129,md_f130,md_f131,md_f132,md_f133,md_f134,md_f135,md_f50,md_f51,md_f52,md_f53,md_f54,md_f55,md_f56,md_f150,md_f151,md_f152,md_f153,md_f154,md_f155,md_f156,break_kkk,md_m29,md_m30,md_m31,md_m32,md_m33,md_m34,md_m35,md_m129,md_m130,md_m131,md_m132,md_m133,md_m134,md_m135,md_m50,md_m51,md_m52,md_m53,md_m54,md_m55,md_m56,md_m150,md_m151,md_m152,md_m153,md_m154,md_m155,md_m156,md_cb5,md_f57,md_f58,md_f59,md_f60,md_f61,md_f62,md_f63,md_f157,md_f158,md_f159,md_f160,md_f161,md_f162,md_f163,md_f64,md_f65,md_f66,md_f67,md_f68,md_f69,md_f70,md_f164,md_f165,md_f166,md_f167,md_f168,md_f169,md_f170,break_oooo,md_m57,md_m58,md_m59,md_m60,md_m61,md_m62,md_m63,md_m64,md_m65,md_m66,md_m67,md_m68,md_m69,md_m70,md_m157,md_m158,md_m159,md_m160,md_m161,md_m162,md_m163,md_m164,md_m165,md_m166,md_m167,md_m168,md_m169,md_m170,ft_assign,ft_cb1,ft_01,ft_02,ft_03,ft_04,ft_05,ft_06,ft_07,ft_08,ft_09,ft_10,ft_11,ft_12,ft_13,ft_14,ft_15,ft_16,ft_17,ft_18,ft_19,ft_20,ft_21,ft_101,ft_102,ft_103,ft_104,ft_105,ft_106,ft_107,ft_108,ft_109,ft_110,ft_111,ft_112,ft_113,ft_114,ft_cb2,ft_22,ft_23,ft_24,ft_25,ft_26,ft_27,ft_28,ft_29,ft_30,ft_31,ft_32,ft_33,ft_34,ft_35,ft_115,ft_116,ft_117,ft_118,ft_119,ft_120,ft_121,ft_122,ft_123,ft_124,ft_125,ft_126,ft_127,ft_128,ft_129,ft_130,ft_131,ft_132,ft_133,ft_134,ft_135,ft_cb3,ft_36,ft_37,ft_38,ft_39,ft_40,ft_41,ft_42,ft_43,ft_44,ft_45,ft_46,ft_47,ft_48,ft_49,ft_50,ft_51,ft_52,ft_53,ft_54,ft_55,ft_56,ft_136,ft_137,ft_138,ft_139,ft_140,ft_141,ft_142,ft_143,ft_144,ft_145,ft_146,ft_147,ft_148,ft_149,ft_cb4,ft_57,ft_58,ft_59,ft_60,ft_61,ft_62,ft_63,ft_64,ft_65,ft_66,ft_67,ft_68,ft_69,ft_70,ft_150,ft_151,ft_152,ft_153,ft_154,ft_155,ft_156,ft_157,ft_158,ft_159,ft_160,ft_161,ft_162,ft_163,ft_164,ft_165,ft_166,ft_167,ft_168,ft_169,ft_170,INFOSCREEN,TIME_start,TIME_end,TIME_total
s.e9496526-37bb-4e67-9f45-5222dca3a75d.txt,"",7650,7650,"","","","","","","","","","","","","","","","","","","","","","","","","","","","","","","","","","","","","","","","","","","","","","","","","","","","","","","","","","","","","","","","","","","","","","","","","","","","","","","","","","","","","","","","","","","","","","","","","","","","","","","","","","","","","","","","","","","","","","","","","","","","","","","","","","","","","","","","","","","","","","","","","","","","","","","","","","","","","","","","","","","","","","","","","","","","","","","","","","","","","","","","","","","","","","","","","","","","","","","","","","","","","","","","","","","","","","","","","","","","","","","","","","","","","","","","","","","","","","","","","","","","","","","","","","","","","","","","","","","","","","","","","","","","","","","","","","","","","","","","","","","","","","","","","","","","","","","","","","","","","","","","","","","","","","","","","","","","","","","","","","","","","","","","","","","","","","","","","","","","","","","","","","","","","","","","","","","","","","","","","","","","","","","","","","","","","","","","","","","","","","","","","","","","","","","","","","","","","","","","","","","","","","","","","","","","","","","","","","","","","","","","","","","","","","","","","","","","","","","","","","","","","","","","","","","","","","","","","","","","","","","","","","","","","","","","","","","","","","","","","","","","","","","","","","","","","","","","","","","","","","","","","","","","","","","","","","","","","","","","","","","","","","","","","","","","","","","","","","","","","","","","","","","","","","","","","","","","","","","","","","","","","","","","","","","","","","","","","",4613,2938,3515,4198,3342,3293,4352,"","","","","","","","","","","","","","","","","","","","","",2171,2379,3061,4479,4662,2063,2477,"",3193,11573,19433,6128,2769,3250,3944,"","","","","","","","","","","","","","",3507,7080,11358,3771,6798,3126,3065,"",3946,10009,4385,3039,2105,2117,2830,"","","","","","","","","","","","","","",5201,4905,4396,21623,4113,4084,3433,"",4436,2375,5068,3771,4682,2810,3299,"","","","","","","",2928,3461,5153,5552,3300,3199,11886,"","","","","","","","",2347,9469,7008,2887,2407,2173,2064,3778,2485,3132,5265,2331,2196,2405,"","","","","","","","","","","","","","","","","","","","","","","","","","","","","","","","","","","","","","","","","","","","","","","","","","","","","","","","","","","","","","","","","","","","","","","","","","","","","","","","","","","","","","","","","","","","","","","","","","","","","","","","","","","","","","","","","","","","","","","","","","","","","","","","","","","","","","","","","","","","","","","","","","","","","","","","","","","","","","","",0,2022-04-20-13-02,2022-04-20-13-28,26
s.df3d9322-ce92-4d3d-a85d-52ce97c02d0b.txt,"",9949,9949,"","","","","","","","","","","","","","","","","","","","","","","","","","","","","","","","","","","","","","","","","","","","","","","","","","","","","","","","","","","","","","","","","","","","","","","","","","","","","","","","","","","","","","","","","","","","","","","","","","","","","","","","","","","","","","","","","","","","","","","","","","","","","","","","","","","","","","","","","","","","","","","","","","","","","","","","","","","","","","","","","","","","","","","","","","","","","","","","","","","","","","","","","","","","","","","","","","","","","","","","","","","","","","","","","","","","","","","","","","","","","","","","","","","","","","","","","","","","","","","","","","","","","","","","","","","","","","","","","","","","","","","","","","","","","","","","","","","","","","","","","","","","","","","","","","","","","",127526,6311,9596,4797,4985,2413,2343,6938,"","","","","","","",2242,2081,2969,7997,4524,8629,5831,3676,4472,2959,2323,4956,3417,2967,2940,5882,2272,5117,4315,4076,2272,"",6153,2868,3173,28085,4238,2727,2766,2324,3229,4087,6989,4825,3923,7278,"","","","","","","","","","","","","","","","","","","","","","","","","","","","","","","","","","","","","","","","","","","",2581,2441,10870,14403,3762,3017,3584,"","","","","","","","",3280,3688,19462,7565,3598,2508,2823,8832,3031,2652,4234,4679,3645,3001,3535,7687,4557,10439,2924,2972,2243,"","","","","","","","","","","","","","","","","","","","","","","","","","","","","","","","","","","","","","","","","","","","","","","","","","","","","","","","","","","","","","","","","","","","","","","","","","","","","","","","","","","","","","","","","","","","","","","","","","","","","","","","","","","","","","","","","","","","","","","","","","","","","","","","","","","","","","","","","","","","","","","","","","","","","","","","","","","","","","","","","","","","","","","","","","","","","","","","","","","","","","","","","","","","","","","","","","","","","","","","","","","","","","","","","","","","","","","","","","","","","","","","","","","","","","","","","","","","","","","","","","","","","","","","","","","","","","","","","","","","","","","","","","","","","","","","","","","","","","","","","","","","","","","","","","","","","","","","","","","","","","","","","","","","","","","","","","","","","","","","","","","","","","","","","","","","","","","","","","","","","","","","","","","","","","","","","","","","","","","","","","","","","","","","","","","","","","","","","","","","","","","","","","","","","","","","","","","","","","","","","","","","","","","","","","","","","","","","","","","","","","","","","","","","","","","","","","","","","","","","","","","","","","","","","","",0,2022-04-21-12-57,2022-04-21-13-07,10
s.0b4ac03f-6bd9-403d-98ca-d33ab45fc942.txt,"",10825,10825,"","","","","","","","","","","","","","","","","","","","","","","","","","","","","","","","","","","","","","","","","","","","","","","","","","","","","","","","","","","","","","","","","","","","","","","","","","","","","","","","","","","","","","","","","","","","","","","","","","","","","","","","","","","","","","","","","","","","","","","","","","","","","","","","","","","","","","","","","","","","","","","","","","","","","","","","","","","","","","","","","","","","","","","","","","","","","","","","","","","","","","","","","","","","","","","","","","","","","","","","","","","","","","","","","","","","","","","","","","","","","","","","","","","","","","","","","","","","","","","","","","","","","","","","","","","","","","","","","","","","","","","","","","","","","","","","","","","","","","","","","","","","","","","","","","","","","",139190,4487,12484,20469,12030,2958,4444,3591,"","","","","","","",6567,3609,7342,12074,4300,3345,6437,3534,4192,5052,6592,8895,5651,4061,3544,13375,28174,8804,4370,3828,3510,"",4078,3365,4649,13629,7710,3974,3826,9286,4253,18605,5059,3277,5086,3399,"","","","","","","","","","","","","","","","","","","","","","","","","","","","","","","","","","","","","","","","","","","",4006,4743,5912,5344,4829,4565,3736,"","","","","","","","",3568,3687,3470,5590,4738,3697,3701,4552,5030,5382,5864,5910,4222,5780,3638,10135,11086,6921,6279,9890,4595,"","","","","","","","","","","","","","","","","","","","","","","","","","","","","","","","","","","","","","","","","","","","","","","","","","","","","","","","","","","","","","","","","","","","","","","","","","","","","","","","","","","","","","","","","","","","","","","","","","","","","","","","","","","","","","","","","","","","","","","","","","","","","","","","","","","","","","","","","","","","","","","","","","","","","","","","","","","","","","","","","","","","","","","","","","","","","","","","","","","","","","","","","","","","","","","","","","","","","","","","","","","","","","","","","","","","","","","","","","","","","","","","","","","","","","","","","","","","","","","","","","","","","","","","","","","","","","","","","","","","","","","","","","","","","","","","","","","","","","","","","","","","","","","","","","","","","","","","","","","","","","","","","","","","","","","","","","","","","","","","","","","","","","","","","","","","","","","","","","","","","","","","","","","","","","","","","","","","","","","","","","","","","","","","","","","","","","","","","","","","","","","","","","","","","","","","","","","","","","","","","","","","","","","","","","","","","","","","","","","","","","","","","","","","","","","","","","","","","","","","","","","","","","","","","","",0,2022-04-13-15-28,2022-04-13-15-40,12
s.f084110b-46d0-45ea-b96d-0ba13bbea560.txt,"",9630,9630,"","","","","","","","","","","","","","","","","","","","","","","","","","","","","","","","","","","","","","","","","","","","","","","","","","","","","","","","","","","","","","","","","","","","","","","","","","","","","","","","","","","","","","","","","","","","","","","","","","","","","","","","","","","","","","","","","","","","","","","","","","","","","","","","","","","","","","","","","","","","","","","","","","","","","","","","","","","","","","","","","","","","","","","","","","","","","","","","","","","","","","","","","","","","","","","","","","","","","","","","","","","","","","","","","","","","","","","","","","","","","","","","","","","","","","","","","","","","","","","","","","","","","","","","","","","","","","","","","","","","","","","","","","","","","","","","","","","","","","","","","","","","","","","","","","","","","","","","","","","","","","","","","","","","","","","","","","","","","","","","","","","","","","","","","","","","","","","","","","","","","","","","","","","","","","","","","","","","","","","","","","","","","","","","","","","","","","","","","","","","","","","","","","","","","","","","","","","","","","","","","","","","","","","","","","","","","","","","","","","","","","","","","","","","","","","","","","","","","","","","","","","","","","","","","","","","","","","","","","","","","","","","","","","","","","","","","","","","","","","","","","","","","","","","","","","","","","","","","","","","","","","","","","","","","","","","","","","","","","","","","","","","","","","","","","","","","","","","","","","","","","","","","","","","","","","","","","","","","","","","","","","","","","","","","","","","","","","","","","","","","","","","","","","","","","","","","","","","","","","","","","","","","","","","","","","","","","","","","","","","","","","","","","","","","","","","","","","","","","","","","","","","","","","","","","","","","","","","","","","","","","","","","","","","","","","","","","","","","","","","","","","","","","","","","","","","","","","","","","","","","","","","","","","","","","","","","","","","","","","","","","","","","","","","","",150918,3763,3136,3648,31938,4034,4456,4826,"","","","","","","",2881,3674,4989,4287,3075,3324,5106,3744,4259,9474,16285,8654,3062,7481,3837,3061,9958,3678,3241,2506,4447,"",3194,3593,5042,27927,3543,3378,3088,5894,3841,4511,6773,9957,5057,7858,"","","","","","","","","","","","","","","","","","","","","","","","","","","","","","","","","","","","","","","","","","","","",2894,3750,6166,3094,4085,3846,"","","","","","","","",6192,4077,5442,17256,3111,3281,4175,9429,3775,9694,7489,5637,3704,4460,3599,3637,10650,5292,7091,3517,4301,"","","","","","","","","","","","","","",0,2022-04-21-08-59,2022-04-21-09-09,10
s.72647974-45c1-4a92-84a0-baedd0095155.txt,"",16098,16098,"","","","","","","","","","","","","","","","","","","","","","","","","","","","","","","","","","","","","","","","","","","","","","","","","","","","","","","","","","","","","","","","","","","","","","","","","","","","","","","","","","","","","","","","","","","","","","","","","","","","","","","","","","","","","","","","","","","","","","","","","","","","","","","","","","","","","","","","","","","","","","","","","","","","","","","","","","","","","","","","","","","","","","","","","","","","","","","","","","","","","","","","","","","","","","","","","","","","","","","","","","","","","","","","","","","","","","","","","","","","","","","","","","","","","","","","","","","","","","","","","","","","","","","","","","","","","","","","","","","","","","","","","","","","","","","","","","","","","","","","","","","","","","","","","","","","","",1388266,5144,3193,3745,5641,3959,2487,5280,"","","","","","","",4252,3462,4948,5992,7098,9057,11787,4262,6197,4200,6826,3315,9658,3495,2419,3727,17611,4618,5407,3993,5995,"",3431,2909,5246,8171,4453,3772,3028,7235,18456,4828,10203,5695,3891,5712,"","","","","","","","","","","","","","","","","","","","","","","","","","","","","","","","","","","","","","","","","","","",3198,2393,3109,8649,4207,5745,3614,"","","","","","","","",3738,4433,3202,5417,3241,4920,4312,8149,3009,5825,18858,15688,4532,8780,5866,6072,10532,3392,17844,3913,3592,"","","","","","","","","","","","","","","","","","","","","","","","","","","","","","","","","","","","","","","","","","","","","","","","","","","","","","","","","","","","","","","","","","","","","","","","","","","","","","","","","","","","","","","","","","","","","","","","","","","","","","","","","","","","","","","","","","","","","","","","","","","","","","","","","","","","","","","","","","","","","","","","","","","","","","","","","","","","","","","","","","","","","","","","","","","","","","","","","","","","","","","","","","","","","","","","","","","","","","","","","","","","","","","","","","","","","","","","","","","","","","","","","","","","","","","","","","","","","","","","","","","","","","","","","","","","","","","","","","","","","","","","","","","","","","","","","","","","","","","","","","","","","","","","","","","","","","","","","","","","","","","","","","","","","","","","","","","","","","","","","","","","","","","","","","","","","","","","","","","","","","","","","","","","","","","","","","","","","","","","","","","","","","","","","","","","","","","","","","","","","","","","","","","","","","","","","","","","","","","","","","","","","","","","","","","","","","","","","","","","","","","","","","","","","","","","","","","","","","","","","","","","","","","","","","",0,2022-04-26-09-44,2022-04-26-10-17,33
s.2cfa1450-f928-41aa-8da3-f4362be8d831.txt,"",5317,5317,"","","","","","","","","","","","","","","","","","","","","","","","","","","","","","","","","","","","","","","","","","","","","","","","","","","","","","","","","","","","","","","","","","","","","","","","","","","","","","","","","","","","","","","","","","","","","","","","","","","","","","","","","","","","","","","","","","","","","","","","","","","","","","","","","","","","","","","","","","","","","","","","","","","","","","","","","","","","","","","","","","","","","","","","","","","","","","","","","","","","","","","","","","","","","","","","","","","","","","","","","","","","","","","","","","","","","","","","","","","","","","","","","","","","","","","","","","","","","","","","","","","","","","","","","","","","","","","","","","","","","","","","","","","","","","","","","","","","","","","","","","","","","","","","","","","","","","","","","","","","","","","","","","","","","","","","","","","","","","","","","","","","","","","","","","","","","","","","","","","","","","","","","","","","","","","","","","","","","","","","","","","","","","","","","","","","","","","","","","","","","","","","","","","","","","","","","","","","","","","","","","","","","","","","","","","","","","","","","","","","","","","","","","","","","","","","","","","","","","","","","","","","","","","","","","","","","","","","","","","","","","","","","","","","","","","","","","","","","","","","","","","","","","","","","","","","","","","","","","","","","","","","","","","","","","","","","","","","","","","","","","","","","","","","","","","","","","","","","","","","","","","","","","","","","","","","","","","","","","","","","","","","","","","","","","","","","","","","","","","","","","","","","","","","","","","","","","","","","","","","","","","","","","","","","","","","","","","","","","","","","","","","","","","","","","","","","","","","","","","","","","","","","","","","","","","","","","","","","","","","","","","","","","","","","","","","","","","","","","","","","","","","","","","","","","","","","","","","","","","","","","","","","","","","","","","","","","","","","","","","","","","","","","","","","",86777,5410,3320,60715,14113,35872,7950,2879,"","","","","","","",5710,5769,7033,9373,10040,4255,4420,5282,39524,3654,19248,26715,13048,4567,3016,11628,13756,3643,3952,2653,3430,"",5495,5817,165915,7465,3744,5026,4130,3814,8474,5318,6804,3967,6908,2419,"","","","","","","","","","","","","","","","","","","","","","","","","","","","","","","","","","","","","","","","","","","","",9578,6036,4048,2916,3992,2909,"","","","","","","","",4243,3699,7643,21244,139518,18995,9460,3346,8212,6378,46128,6115,2899,2881,15800,3153,4321,12408,5847,123285,7248,"","","","","","","","","","","","","","",0,2022-04-27-10-01,2022-04-27-10-21,20
s.5d5c70ec-013b-4da8-abad-d3feef42ba58.txt,"",14718,14718,"","","","","","","","","","","","","","","","","","","","","","","","","","","","","","","","","","","","","","","","","","","","","","","","","","","","","","","","","","","","","","","","","","","","","","","","","","","","","","","","","","","","","","","","","","","","","","","","","","","","","","","","","","","","","","","","","","","","","","","","","","","","","","","","","","","","","","","","","","","","","","","","","","","","",94313,3196,3751,5221,2948,2966,3740,5326,"","","","","","","",6343,3952,4622,3066,3874,4613,4263,7418,5736,3669,9592,3474,5395,3254,6889,3562,10051,4103,5301,10550,7018,"",5448,14046,7119,6252,5233,3185,2967,5631,9701,5794,5051,3541,2674,3966,"","","","","","","","","","","","","","","","","","","","","","","","","","","","","","","","","","","","","","","","","","","",3702,4846,8080,10449,2836,5190,3224,"","","","","","","","",3809,3550,4648,3905,4157,2974,4357,3200,3181,3739,5090,7767,5772,4729,4410,10164,3275,9340,4201,8753,3894,"","","","","","","","","","","","","","","","","","","","","","","","","","","","","","","","","","","","","","","","","","","","","","","","","","","","","","","","","","","","","","","","","","","","","","","","","","","","","","","","","","","","","","","","","","","","","","","","","","","","","","","","","","","","","","","","","","","","","","","","","","","","","","","","","","","","","","","","","","","","","","","","","","","","","","","","","","","","","","","","","","","","","","","","","","","","","","","","","","","","","","","","","","","","","","","","","","","","","","","","","","","","","","","","","","","","","","","","","","","","","","","","","","","","","","","","","","","","","","","","","","","","","","","","","","","","","","","","","","","","","","","","","","","","","","","","","","","","","","","","","","","","","","","","","","","","","","","","","","","","","","","","","","","","","","","","","","","","","","","","","","","","","","","","","","","","","","","","","","","","","","","","","","","","","","","","","","","","","","","","","","","","","","","","","","","","","","","","","","","","","","","","","","","","","","","","","","","","","","","","","","","","","","","","","","","","","","","","","","","","","","","","","","","","","","","","","","","","","","","","","","","","","","","","","","","","","","","","","","","","","","","","","","","","","","","","","","","","","","","","","","","","","","","","","","","","","","","","","","","","","","","","","","","","","","","","","","","","","","","","","","","","","","","","","","","","","","","","","","","","","","","","","","","","","","","","","","","","","","","","","","","","","","","","","","","","","","","","","","","","","","","","","","","","","","","","","","","",0,2022-04-25-16-11,2022-04-25-16-20,9
s.5a566692-2489-4f3f-a18c-22867e096e5b.txt,"",9095,9095,"","","",85529,2498,3309,2780,9862,3800,3113,3163,"","","","","","","",5250,2055,7502,8158,4344,2430,2482,4543,2747,3378,2435,13610,8813,3357,2947,3719,6955,3375,2595,3641,3271,"",3079,1952,2540,3293,2479,2407,2473,3369,4072,4960,4890,3989,3842,2335,"","","","","","","","","","","","","","","","","","","","","","","","","","","","","","","","","","","","","","","","","","","",2516,2227,2482,6449,2531,1859,1972,"","","","","","","","",2261,3091,3625,2479,8312,2490,3488,2581,2737,9893,2131,4028,3023,2738,2401,2773,4408,3302,2509,2842,4370,"","","","","","","","","","","","","","","","","","","","","","","","","","","","","","","","","","","","","","","","","","","","","","","","","","","","","","","","","","","","","","","","","","","","","","","","","","","","","","","","","","","","","","","","","","","","","","","","","","","","","","","","","","","","","","","","","","","","","","","","","","","","","","","","","","","","","","","","","","","","","","","","","","","","","","","","","","","","","","","","","","","","","","","","","","","","","","","","","","","","","","","","","","","","","","","","","","","","","","","","","","","","","","","","","","","","","","","","","","","","","","","","","","","","","","","","","","","","","","","","","","","","","","","","","","","","","","","","","","","","","","","","","","","","","","","","","","","","","","","","","","","","","","","","","","","","","","","","","","","","","","","","","","","","","","","","","","","","","","","","","","","","","","","","","","","","","","","","","","","","","","","","","","","","","","","","","","","","","","","","","","","","","","","","","","","","","","","","","","","","","","","","","","","","","","","","","","","","","","","","","","","","","","","","","","","","","","","","","","","","","","","","","","","","","","","","","","","","","","","","","","","","","","","","","","","","","","","","","","","","","","","","","","","","","","","","","","","","","","","","","","","","","","","","","","","","","","","","","","","","","","","","","","","","","","","","","","","","","","","","","","","","","","","","","","","","","","","","","","","","","","","","","","","","","","","","","","","","","","","","","","","","","","","","","","","","","","","","","","","","","","","","","","","","","","","","","","","","","","","","","","","","","","","","","","","","","","","","","","","","","","","","","","","","","","","","","","","","","","","","","","","","","","","","","","","","","","","","","","","","","","","","","","","","","","","","","","","","","","","","","","","","","","","","","","","","","","","","","","","","","","","","","","","","","","","","","","","","","","","","","","","","","","","","","","","","","","","","","","","","",0,2022-04-21-14-00,2022-04-21-14-08,8
s.3625bfba-c25f-4e95-8bc6-471432bdc716.txt,"",19047,19047,"","","","","","","","","","","","","","","","","","","","","","","","","","","","","","","","","","","","","","","","","","","","","","","","","","","","","","","","","","","","","","","","","","","","","","","","","","","","","","","","","","","","","","","","","","","","","","","","","","","","","","","","","","","","","","","","","","","","","","","","","","","","","","","","","","","","","","","","","","","","","","","","","","","","",138505,3188,4936,3044,12017,3257,3550,2476,"","","","","","","",3754,4988,5444,4595,13604,3023,5216,2713,2489,2880,5235,9931,5034,3776,4034,5370,3369,3112,4759,2162,5480,"",4510,3766,3943,5719,3453,6628,2779,5158,6242,5283,2971,3552,3827,4610,"","","","","","","","","","","","","","","","","","","","","","","","","","","","","","","","","","","","","","","","","","","",3346,4174,5792,8461,3833,2799,4036,"","","","","","","","",3767,3862,4050,8603,5497,4056,8132,4551,5842,5698,3369,4898,6135,3448,4637,5475,8836,8146,4680,3241,4335,"","","","","","","","","","","","","","","","","","","","","","","","","","","","","","","","","","","","","","","","","","","","","","","","","","","","","","","","","","","","","","","","","","","","","","","","","","","","","","","","","","","","","","","","","","","","","","","","","","","","","","","","","","","","","","","","","","","","","","","","","","","","","","","","","","","","","","","","","","","","","","","","","","","","","","","","","","","","","","","","","","","","","","","","","","","","","","","","","","","","","","","","","","","","","","","","","","","","","","","","","","","","","","","","","","","","","","","","","","","","","","","","","","","","","","","","","","","","","","","","","","","","","","","","","","","","","","","","","","","","","","","","","","","","","","","","","","","","","","","","","","","","","","","","","","","","","","","","","","","","","","","","","","","","","","","","","","","","","","","","","","","","","","","","","","","","","","","","","","","","","","","","","","","","","","","","","","","","","","","","","","","","","","","","","","","","","","","","","","","","","","","","","","","","","","","","","","","","","","","","","","","","","","","","","","","","","","","","","","","","","","","","","","","","","","","","","","","","","","","","","","","","","","","","","","","","","","","","","","","","","","","","","","","","","","","","","","","","","","","","","","","","","","","","","","","","","","","","","","","","","","","","","","","","","","","","","","","","","","","","","","","","","","","","","","","","","","","","","","","","","","","","","","","","","","","","","","","","","","","","","","","","","","","","","","","","","","","","","","","","","","","","","","","","","","","","","","","",0,2022-04-20-09-07,2022-04-20-09-17,10
s.bd9098a7-45e8-48de-93ae-c679688fcada.txt,"",8530,8530,"","","","","","","","","","","","","","","","","","","","","","","","","","","","","","","","","","","","","","","","","","","","","","","","","","","","","","","","","","","","","","","","","","","","","","","","","","","","","","","","","","","","","","","","","","","","","","","","","","","","","","","","","","","","","","","","","","","","","","","","","","","","","","","","","","","","","","","","","","","","","","","","","","","","",113430,4821,6428,25202,12368,16085,7125,5513,"","","","","","","",4548,6290,10038,6890,6912,5679,11188,7943,8042,4489,7829,38680,12763,5782,5346,14943,20899,28990,7716,4398,5331,"",6827,3824,18739,15521,7903,8831,8718,9905,6188,16612,22551,5925,4502,5556,"","","","","","","","","","","","","","","","","","","","","","","","","","","","","","","","","","","","","","","","","","","",9596,9134,29471,4652,12149,6671,9702,"","","","","","","","",6409,9811,6416,12522,12057,8880,5175,9117,3994,7949,8079,5587,7044,8508,5071,6580,22305,8500,7622,7649,7445,"","","","","","","","","","","","","","","","","","","","","","","","","","","","","","","","","","","","","","","","","","","","","","","","","","","","","","","","","","","","","","","","","","","","","","","","","","","","","","","","","","","","","","","","","","","","","","","","","","","","","","","","","","","","","","","","","","","","","","","","","","","","","","","","","","","","","","","","","","","","","","","","","","","","","","","","","","","","","","","","","","","","","","","","","","","","","","","","","","","","","","","","","","","","","","","","","","","","","","","","","","","","","","","","","","","","","","","","","","","","","","","","","","","","","","","","","","","","","","","","","","","","","","","","","","","","","","","","","","","","","","","","","","","","","","","","","","","","","","","","","","","","","","","","","","","","","","","","","","","","","","","","","","","","","","","","","","","","","","","","","","","","","","","","","","","","","","","","","","","","","","","","","","","","","","","","","","","","","","","","","","","","","","","","","","","","","","","","","","","","","","","","","","","","","","","","","","","","","","","","","","","","","","","","","","","","","","","","","","","","","","","","","","","","","","","","","","","","","","","","","","","","","","","","","","","","","","","","","","","","","","","","","","","","","","","","","","","","","","","","","","","","","","","","","","","","","","","","","","","","","","","","","","","","","","","","","","","","","","","","","","","","","","","","","","","","","","","","","","","","","","","","","","","","","","","","","","","","","","","","","","","","","","","","","","","","","","","","","","","","","","","","","","","","","","","","","","","",0,2022-04-21-15-58,2022-04-21-16-13,15
s.ac71e8e5-2333-4fbf-a43f-48e79c536416.txt,"",6811,6811,"","","","","","","","","","","","","","","","","","","","","","","","","","","","","","","","","","","","","","","","","","","","","","","","","","","","","","","","","","","","","","","","","","","","","","","","","","","","","","","","","","","","","","","","","","","","","","","","","","","","","","","","","","","","","","","","","","","","","","","","","","","","","","","","","","","","","","","","","","","","","","","","","","","","","","","","","","","","","","","","","","","","","","","","","","","","","","","","","","","","","","","","","","","","","","","","","","","","","","","","","","","","","","","","","","","","","","","","","","","","","","","","","","","","","","","","","","","","","","","","","","","","","","","","","","","","","","","","","","","","","","","","","","","","","","","","","","","","","","","","","","","","","","","","","","","","","",91600,1650,1746,1064,1574,955,1375,604,"","","","","","","",1836,1634,689,917,1075,1069,1432,1174,1230,910,867,933,2275,1569,1049,1731,1736,1436,841,1393,695,"",1677,3064,988,888,966,1370,1813,3738,2395,640,1098,2103,1031,1687,"","","","","","","","","","","","","","","","","","","","","","","","","","","","","","","","","","","","","","","","","","","",693,2975,3063,4927,928,692,643,"","","","","","","","",1466,1060,2548,883,958,1519,738,1306,2170,1312,941,945,1003,1544,1904,4799,877,1209,698,1284,3408,"","","","","","","","","","","","","","","","","","","","","","","","","","","","","","","","","","","","","","","","","","","","","","","","","","","","","","","","","","","","","","","","","","","","","","","","","","","","","","","","","","","","","","","","","","","","","","","","","","","","","","","","","","","","","","","","","","","","","","","","","","","","","","","","","","","","","","","","","","","","","","","","","","","","","","","","","","","","","","","","","","","","","","","","","","","","","","","","","","","","","","","","","","","","","","","","","","","","","","","","","","","","","","","","","","","","","","","","","","","","","","","","","","","","","","","","","","","","","","","","","","","","","","","","","","","","","","","","","","","","","","","","","","","","","","","","","","","","","","","","","","","","","","","","","","","","","","","","","","","","","","","","","","","","","","","","","","","","","","","","","","","","","","","","","","","","","","","","","","","","","","","","","","","","","","","","","","","","","","","","","","","","","","","","","","","","","","","","","","","","","","","","","","","","","","","","","","","","","","","","","","","","","","","","","","","","","","","","","","","","","","","","","","","","","","","","","","","","","","","","","","","","","","","","","","",0,2022-04-25-13-02,2022-04-25-13-06,4
s.4423d809-189f-4320-a094-f6286893a26d.txt,"",13771,13771,"","","","","","","","","","","","","","","","","","","","","","","","","","","","","","","","","","","","","","","","","","","","","","","","","","","","","","","","","","","","","","","","","","","","","","","","","","","","","","","","","","","","","","","","","","","","","","","","","","","","","","","","","","","","","","","","","","","","","","","","","","","","","","","","","","","","","","","","","","","","","","","","","","","","","","","","","","","","","","","","","","","","","","","","","","","","","","","","","","","","","","","","","","","","","","","","","","","","","","","","","","","","","","","","","","","","","","","","","","","","","","","","","","","","","","","","","","","","","","","","","","","","","","","","","","","","","","","","","","","","","","","","","","","","","","","","","","","","","","","","","","","","","","","","","","","","","","","","","","","","","","","","","","","","","","","","","","","","","","","","","","","","","","","","","","","","","","","","","","","","","","","","","","","","","","","","","","","","","","","","","","","","","","","","","","","","","","","","","","","","","","","","","","","","","","","","","","","","","","","","","","","","","","","","","","","","","","","","","","","","","","","","","","","","","","","","","","","","","","","",4189,5548,5854,24890,3700,5318,6698,"","","","","","","",5141,6065,3795,5129,9946,4840,3170,"",13047,7730,4503,7261,6451,3392,6932,3698,8582,9403,18490,11459,2859,3416,"","","","","","","",4871,4730,4646,3733,4171,4424,10282,6574,9213,28709,12323,7040,6691,5489,"",2940,6668,9859,9572,5624,3430,3951,"","","","","","","","","","","","","","","","","","","","","","",3305,5422,4613,16362,8022,9048,6595,"","","","","","","","","","","","","","","","","","","","","","",7144,3948,6783,20202,4563,3434,4349,"","","","","","","","","","","","","","","","","","","","","","",4683,4619,8944,9370,16716,3668,5177,"","","","","","","","","","","","","","","","","","","","","","","","","","","","","","","","","","","","","","","","","","","","","","","","","","","","","","","","","","","","","","","","","","","","","","","","","","","","","","","","","","","","","","","","","","","","","","","","","","","","","","","","","","","","","","","","","","","","","","","","","","","","","","","","","","","","","","","","","","","","","","","","","","","","","","","","","","","","","","","","","","","","","","","","","","","","","","","","","","","","","","","","","","","","","","","","","","","","","","","","","","","","","","","","","","","","","","","","","","","","","","","","","","","","","","","","","","","","","","","","","","","","","","","","","","","","","","","","","","","","","","","","","","","","","","","","","","","","","","","","","","",0,2022-04-13-14-41,2022-04-13-14-54,13
s.180b9d4c-76af-40f0-a2bd-1444a63ee305.txt,"",6266,6266,"","","","","","","","","","","","","","","","","","","","","","","","","","","","","","","","","","","","","","","","","","","","","","","","","","","","","","","","","","","","","","","","","","","","","","","","","","","","","","","","","","","","","","","","","","","","","","","","","","","","","","","","","","","","","","","","","","","","","","","","","","","","","","","","","","","","","","","","","","","","","","","","","","","","",153948,4420,9014,5275,7271,4270,3513,4203,"","","","","","","",3590,3305,6666,4109,7996,5945,4528,1919,2831,2074,6866,7632,3292,2606,6450,6264,2519,4262,4785,1746,3451,"",4498,2839,7147,9526,11350,4760,2993,6997,5760,5418,9218,2250,2399,3856,"","","","","","","","","","","","","","","","","","","","","","","","","","","","","","","","","","","","","","","","","","","",2521,3885,8849,6332,2294,2143,2555,"","","","","","","","",3220,6730,6927,5904,6388,3498,3029,2632,3137,11812,10485,5443,4023,4224,3677,4208,4788,3817,8549,3109,4565,"","","","","","","","","","","","","","","","","","","","","","","","","","","","","","","","","","","","","","","","","","","","","","","","","","","","","","","","","","","","","","","","","","","","","","","","","","","","","","","","","","","","","","","","","","","","","","","","","","","","","","","","","","","","","","","","","","","","","","","","","","","","","","","","","","","","","","","","","","","","","","","","","","","","","","","","","","","","","","","","","","","","","","","","","","","","","","","","","","","","","","","","","","","","","","","","","","","","","","","","","","","","","","","","","","","","","","","","","","","","","","","","","","","","","","","","","","","","","","","","","","","","","","","","","","","","","","","","","","","","","","","","","","","","","","","","","","","","","","","","","","","","","","","","","","","","","","","","","","","","","","","","","","","","","","","","","","","","","","","","","","","","","","","","","","","","","","","","","","","","","","","","","","","","","","","","","","","","","","","","","","","","","","","","","","","","","","","","","","","","","","","","","","","","","","","","","","","","","","","","","","","","","","","","","","","","","","","","","","","","","","","","","","","","","","","","","","","","","","","","","","","","","","","","","","","","","","","","","","","","","","","","","","","","","","","","","","","","","","","","","","","","","","","","","","","","","","","","","","","","","","","","","","","","","","","","","","","","","","","","","","","","","","","","","","","","","","","","","","","","","","","","","","","","","","","","","","","","","","","","","","","","","","","","","","","","","","","","","","","","","","","","","","","","","","","","","","","",0,2022-04-22-16-04,2022-04-22-16-14,10
s.cb207d12-504e-48eb-9683-dd4f5d01887e.txt,"",12916,12916,"","","","","","","","","","","","","","","","","","","","","","","","","","","","","","","","","","","","","","","","","","","","","","","","","","","","","","","","","","","","","","","","","","","","","","","","","","","","","","","","","","","","","","","","","","","","","","","","","","","","","","","","","","","","","","","","","","","","","","","","","","","","","","","","","","","","","","","","","","","","","","","","","","","","","","","","","","","","","","","","","","","","","","","","","","","","","","","","","","","","","","","","","","","","","","","","","","","","","","","","","","","","","","","","","","","","","","","","","","","","","","","","","","","","","","","","","","","","","","","","","","","","","","","","","","","","","","","","","","","","","","","","","","","","","","","","","","","","","","","","","","","","","","","","","","","","","",141486,2951,3338,5054,3230,5661,2504,3158,"","","","","","","",2410,2028,3328,4326,3869,1952,3118,2424,2565,2558,6442,6576,3091,2006,2139,2929,3634,3280,2886,4267,2519,"",2191,2365,3962,5926,3236,3050,3260,2562,3410,2986,5882,2001,2533,2850,"","","","","","","","","","","","","","","","","","","","","","","","","","","","","","","","","","","","","","","","","","","",2609,1823,4237,5475,4171,2675,3743,"","","","","","","","",2737,2140,2349,8954,2192,2358,2790,2188,2572,3712,5313,4504,2415,2855,2976,3493,8978,5550,3914,2669,2523,"","","","","","","","","","","","","","","","","","","","","","","","","","","","","","","","","","","","","","","","","","","","","","","","","","","","","","","","","","","","","","","","","","","","","","","","","","","","","","","","","","","","","","","","","","","","","","","","","","","","","","","","","","","","","","","","","","","","","","","","","","","","","","","","","","","","","","","","","","","","","","","","","","","","","","","","","","","","","","","","","","","","","","","","","","","","","","","","","","","","","","","","","","","","","","","","","","","","","","","","","","","","","","","","","","","","","","","","","","","","","","","","","","","","","","","","","","","","","","","","","","","","","","","","","","","","","","","","","","","","","","","","","","","","","","","","","","","","","","","","","","","","","","","","","","","","","","","","","","","","","","","","","","","","","","","","","","","","","","","","","","","","","","","","","","","","","","","","","","","","","","","","","","","","","","","","","","","","","","","","","","","","","","","","","","","","","","","","","","","","","","","","","","","","","","","","","","","","","","","","","","","","","","","","","","","","","","","","","","","","","","","","","","","","","","","","","","","","","","","","","","","","","","","","","","",0,2022-04-20-16-04,2022-04-20-16-12,8
s.e09535dd-b5ca-4de3-b00f-14949d47525d.txt,"",9928,9928,"","","",118805,2327,1733,2080,6690,2785,1683,1574,"","","","","","","",2439,3684,4311,2296,1864,2093,3364,2544,1678,1853,1811,1775,1879,1761,1874,5480,3141,5670,1814,2252,2342,"",1524,1637,2541,1631,2538,1757,1712,2080,3092,5755,2012,3953,1862,2014,"","","","","","","","","","","","","","","","","","","","","","","","","","","","","","","","","","","","","","","","","","","",1855,1750,1430,1814,1930,2165,1754,"","","","","","","","",1597,1537,1714,4124,3733,1594,2967,1409,2300,1541,3346,2104,3683,1709,2021,2151,1971,5242,4401,2231,1911,"","","","","","","","","","","","","","","","","","","","","","","","","","","","","","","","","","","","","","","","","","","","","","","","","","","","","","","","","","","","","","","","","","","","","","","","","","","","","","","","","","","","","","","","","","","","","","","","","","","","","","","","","","","","","","","","","","","","","","","","","","","","","","","","","","","","","","","","","","","","","","","","","","","","","","","","","","","","","","","","","","","","","","","","","","","","","","","","","","","","","","","","","","","","","","","","","","","","","","","","","","","","","","","","","","","","","","","","","","","","","","","","","","","","","","","","","","","","","","","","","","","","","","","","","","","","","","","","","","","","","","","","","","","","","","","","","","","","","","","","","","","","","","","","","","","","","","","","","","","","","","","","","","","","","","","","","","","","","","","","","","","","","","","","","","","","","","","","","","","","","","","","","","","","","","","","","","","","","","","","","","","","","","","","","","","","","","","","","","","","","","","","","","","","","","","","","","","","","","","","","","","","","","","","","","","","","","","","","","","","","","","","","","","","","","","","","","","","","","","","","","","","","","","","","","","","","","","","","","","","","","","","","","","","","","","","","","","","","","","","","","","","","","","","","","","","","","","","","","","","","","","","","","","","","","","","","","","","","","","","","","","","","","","","","","","","","","","","","","","","","","","","","","","","","","","","","","","","","","","","","","","","","","","","","","","","","","","","","","","","","","","","","","","","","","","","","","","","","","","","","","","","","","","","","","","","","","","","","","","","","","","","","","","","","","","","","","","","","","","","","","","","","","","","","","","","","","","","","","","","","","","","","","","","","","","","","","","","","","","","","","","","","","","","","","","","","","","","","","","","","","","","","","","","","","","","","","","","","","","","","","","","","","","","","","","","","","","","","","","","",0,2022-04-21-13-15,2022-04-21-13-21,6
s.a5b3386a-53f1-4289-a99a-62a987c3e73f.txt,"",7349,7349,"","","","","","","","","","","","","","","","","","","","","","","","","","","","","","","","","","","","","","","","","","","","","","","","","","","","","","","","","","","","","","","","","","","","","","","","","","","","","","","","","","","","","","","","","","","","","","","","","","","","","","","","","","","","","","","","","","","","","","","","","","","","","","","","","","","","","","","","","","","","","","","","","","","","","","","","","","","","","","","","","","","","","","","","","","","","","","","","","","","","","","","","","","","","","","","","","","","","","","","","","","","","","","","","","","","","","","","","","","","","","","","","","","","","","","","","","","","","","","","","","","","","","","","","","","","","","","","","","","","","","","","","","","","","","","","","","","","","","","","","","","","","","","","","","","","","","","","","","","","","","","","","","","","","","","","","","","","","","","","","","","","","","","","","","","","","","","","","","","","","","","","","","","","","","","","","","","","","","","","","","","","","","","","","","","","","","","","","","","","","","","","","","","","","","","","","","","","","","","","","","","","","","","","","","","","","","","","","","","","","","","","","","","","","","","","","","","","","","","","",4914,3524,2509,18199,7398,5052,3671,"","","","","","","",15909,3959,7839,9174,9404,4786,2764,"",3768,8694,14217,3732,3311,3929,24361,3752,3451,5302,43090,2922,3137,5051,"","","","","","","",8886,5527,21145,2737,3540,3856,6283,3948,3897,3043,10876,4386,2674,3436,"",3815,8068,11108,19941,12935,4691,6135,"","","","","","","","","","","","","","","","","","","","","","",10523,3951,3837,6029,3701,6359,2154,"","","","","","","","","","","","","","","","","","","","","","",2990,2750,4164,6487,3918,3652,3373,"","","","","","","","","","","","","","","","","","","","","","",5382,3703,10391,3664,11559,3062,3189,"","","","","","","","","","","","","","","","","","","","","","","","","","","","","","","","","","","","","","","","","","","","","","","","","","","","","","","","","","","","","","","","","","","","","","","","","","","","","","","","","","","","","","","","","","","","","","","","","","","","","","","","","","","","","","","","","","","","","","","","","","","","","","","","","","","","","","","","","","","","","","","","","","","","","","","","","","","","","","","","","","","","","","","","","","","","","","","","","","","","","","","","","","","","","","","","","","","","","","","","","","","","","","","","","","","","","","","","","","","","","","","","","","","","","","","","","","","","","","","","","","","","","","","","","","","","","","","","","","","","","","","","","","","","","","","","","","","","","","","","","","",0,2022-04-20-10-51,2022-04-20-11-06,15
s.cd205fe1-4b5f-4481-b06b-69819c2b1ff2.txt,"",13728,13728,"","","",131268,2428,5225,17919,15056,2950,3733,3012,"","","","","","","",2760,2736,2771,2881,2965,2707,3017,2528,4194,3749,7256,3009,3478,2028,3103,3245,3866,19914,17514,31763,3044,"",3008,2426,2681,20061,3282,5557,2476,2894,2557,3377,18457,8596,2838,2951,"","","","","","","","","","","","","","","","","","","","","","","","","","","","","","","","","","","","","","","","","","","",2986,2678,3495,3648,2548,2899,3269,"","","","","","","","",2615,2862,3264,44118,3075,2694,3142,2380,2924,2501,2785,2291,2770,2211,4053,3279,7720,5277,3401,2350,3655,"","","","","","","","","","","","","","","","","","","","","","","","","","","","","","","","","","","","","","","","","","","","","","","","","","","","","","","","","","","","","","","","","","","","","","","","","","","","","","","","","","","","","","","","","","","","","","","","","","","","","","","","","","","","","","","","","","","","","","","","","","","","","","","","","","","","","","","","","","","","","","","","","","","","","","","","","","","","","","","","","","","","","","","","","","","","","","","","","","","","","","","","","","","","","","","","","","","","","","","","","","","","","","","","","","","","","","","","","","","","","","","","","","","","","","","","","","","","","","","","","","","","","","","","","","","","","","","","","","","","","","","","","","","","","","","","","","","","","","","","","","","","","","","","","","","","","","","","","","","","","","","","","","","","","","","","","","","","","","","","","","","","","","","","","","","","","","","","","","","","","","","","","","","","","","","","","","","","","","","","","","","","","","","","","","","","","","","","","","","","","","","","","","","","","","","","","","","","","","","","","","","","","","","","","","","","","","","","","","","","","","","","","","","","","","","","","","","","","","","","","","","","","","","","","","","","","","","","","","","","","","","","","","","","","","","","","","","","","","","","","","","","","","","","","","","","","","","","","","","","","","","","","","","","","","","","","","","","","","","","","","","","","","","","","","","","","","","","","","","","","","","","","","","","","","","","","","","","","","","","","","","","","","","","","","","","","","","","","","","","","","","","","","","","","","","","","","","","","","","","","","","","","","","","","","","","","","","","","","","","","","","","","","","","","","","","","","","","","","","","","","","","","","","","","","","","","","","","","","","","","","","","","","","","","","","","","","","","","","","","","","","","","","","","","","","","","","","","","","","","","","","","","","","","","","","","","","","","","","","","","","","","","","","","","","","","","","","","","","","","",0,2022-04-20-14-02,2022-04-20-14-12,10
s.a33c4b06-f1eb-4f8d-9106-3730625046cc.txt,"",10572,10572,"","","","","","","","","","","","","","","","","","","","","","","","","","","","","","","","","","","","","","","","","","","","","","","","","","","","","","","","","","","","","","","","","","","","","","","","","","","","","","","","","","","","","","","","","","","","","","","","","","","","","","","","","","","","","","","","","","","","","","","","","","","","","","","","","","","","","","","","","","","","","","","","","","","","","","","","","","","","","","","","","","","","","","","","","","","","","","","","","","","","","","","","","","","","","","","","","","","","","","","","","","","","","","","","","","","","","","","","","","","","","","","","","","","","","","","","","","","","","","","","","","","","","","","","","","","","","","","","","","","","","","","","","","","","","","","","","","","","","","","","","","","","","","","","","","","","","","","","","","","","","","","","","","","","","","","","","","","","","","","","","","","","","","","","","","","","","","","","","","","","","","","","","","","","","","","","","","","","","","","","","","","","","","","","","","","","","","","","","","","","","","","","","","","","","","","","","","","","","","","","","","","","","","","","","","","","","","","","","","","","","","","","","","","","","","","","","","","","","","","","","","","","","","","","","","","","","","","","","","","","","","","","","","","","","","","","","","","","","","","","","","","","","","","","","","","","","","","","","","","","","","","","","","","","","","","","","","","","","","","","","","","","","","","","","","","","","","","","","","","","","","","","","","","","","","","","","","","","","","","","","","","","","","","","","","","","","","","","","",3132,3183,7520,3367,2871,2521,12517,"","","","","","","","","","","","","","","","","","","","","",2402,2735,2594,4382,4952,2566,2663,"",9002,16176,23817,11477,8593,3000,3863,"","","","","","","","","","","","","","",5607,6461,15829,5623,7196,3554,4461,"",3783,3726,3007,13397,7334,2670,2966,"","","","","","","","","","","","","","",2941,2534,8778,6083,4378,2334,2221,"",2970,3396,7742,8982,9743,2990,2826,"","","","","","","",2804,5014,3079,12662,22978,7014,3130,"","","","","","","","",2710,2773,4439,4816,8986,3630,2928,2888,7578,4921,26959,3964,5418,2591,"","","","","","","","","","","","","","","","","","","","","","","","","","","","","","","","","","","","","","","","","","","","","","","","","","","","","","","","","","","","","","","","","","","","","","","","","","","","","","","","","","","","","","","","","","","","","","","","","","","","","","","","","","","","","","","","","","","","","","","","","","","","","","","","","","","","","","","","","","","","","","","","","","","","","","","","","","","","","","","",0,2022-04-13-10-54,2022-04-13-11-11,17
