prolific1:1,choose_a_number:1,they:1,they:2,they:3,han:1,han:2,han:3,mc_01:1,mc_02:1,mc_03:1,mc_04:1,mc_05:1,mc_06:1,mc_07:1,mc_15:1,mc_16:1,mc_17:1,mc_18:1,mc_19:1,mc_20:1,mc_21:1,mc_101:1,mc_102:1,mc_103:1,mc_104:1,mc_105:1,mc_106:1,mc_107:1,mc_108:1,mc_109:1,mc_110:1,mc_111:1,mc_112:1,mc_113:1,mc_114:1,mc_22:1,mc_23:1,mc_24:1,mc_25:1,mc_26:1,mc_27:1,mc_28:1,mc_29:1,mc_30:1,mc_31:1,mc_32:1,mc_33:1,mc_34:1,mc_35:1,mc_136:1,mc_137:1,mc_138:1,mc_139:1,mc_140:1,mc_141:1,mc_142:1,mc_64:1,mc_65:1,mc_66:1,mc_67:1,mc_68:1,mc_69:1,mc_70:1,mc_150:1,mc_151:1,mc_152:1,mc_153:1,mc_154:1,mc_155:1,mc_156:1,mc_57:1,mc_58:1,mc_59:1,mc_60:1,mc_61:1,mc_62:1,mc_63:1,Age:1,Gender:1,Gender_binary_beliefs:1,Gender_binary_beliefs:2,Gender_binary_beliefs:3,Gender_binary_beliefs:4,TIME_start,TIME_end,TIME_total
5aa0f69ff6dfdd0001eace90,2,This person is walking an animal ,They are being pulled along by the animal faster than they would like ,They are trying to pull back against the animal with the lead ,,,,1,1,1,2,2,2,2,1,1,4,2,2,2,2,1,1,1,1,2,2,2,1,1,1,1,2,2,2,1,1,1,1,2,2,2,3,1,3,4,2,2,2,1,1,1,2,2,2,2,1,1,1,1,2,2,2,3,4,4,2,2,2,2,1,1,1,1,1,2,2,34,Female,5,1,3,3,2022-07-08-14-14,2022-07-08-14-24,10
596a460792973f0001edc027,2,The person is taking their dog for a walk on a lead.,The dog is pulling hard on the lead and making the person unsteady.,"They don't know why their dog is behaving like this, they are confused and annoyed.",,,,1,1,1,1,2,2,2,2,2,1,2,2,2,2,1,1,1,2,2,2,2,1,1,1,1,1,2,2,1,2,2,2,2,2,2,1,1,1,1,2,2,2,1,1,1,2,2,2,2,1,1,1,1,1,2,2,1,1,2,1,2,2,2,1,1,1,1,2,2,2,57,Female,2,1,2,3,2022-07-08-14-14,2022-07-08-14-22,8
5de930a76e09cf04fffa0415,2,A person is walking with a dog. ,"Probably the dog is running too fast, so the person has to pull the lead.",It seems the person is a bit angry at the dog.,,,,1,1,1,1,2,2,2,1,1,1,2,2,2,2,1,1,1,4,2,2,2,1,1,1,1,4,2,2,1,1,1,3,2,2,2,1,1,1,1,2,2,2,1,1,1,4,2,2,2,1,1,1,4,2,2,2,4,2,2,2,2,2,2,1,1,1,1,2,2,2,36,Female,5,4,1,5,2022-07-08-14-11,2022-07-08-14-30,19
5d08fdef9da87a001eed4634,1,,,,He doesn't know where the dog is wanting to go.,He is feeling alarmed by the dog pulling on the lead.,He is trying to walk the dog.,1,1,1,1,2,2,2,1,1,2,2,2,2,2,1,1,1,2,2,2,2,1,1,1,2,2,2,2,1,1,1,2,2,2,2,1,1,1,2,2,2,2,1,1,1,2,2,2,2,1,1,1,2,2,2,2,2,4,2,2,2,2,2,1,1,1,2,2,2,2,31,Female,5,2,1,4,2022-07-08-14-12,2022-07-08-14-20,8
5f07767d0f12f2164455a006,1,,,,He is walking his dog,He is being dragged along by his dog,He is wondering why his dog is pulling on the leash and shouting at him to stop.,1,1,1,1,2,2,2,1,1,1,2,2,2,2,1,1,1,3,2,2,2,1,1,1,1,1,2,2,1,1,1,3,3,2,2,1,1,1,1,2,2,2,1,1,1,2,1,2,2,1,1,1,1,2,2,2,1,1,2,2,2,2,2,1,1,1,1,2,2,2,35,Male,3,1,2,4,2022-07-08-14-08,2022-07-08-14-16,8
5eff17d115ba87434ab3829b,2,This person is walking their dog.,Thes person is wondering something.,This person is alarmed by something.,,,,1,1,1,1,4,2,2,1,1,4,4,2,2,2,1,1,1,1,2,2,2,1,1,1,4,2,2,2,1,1,1,2,2,2,2,1,1,1,1,2,2,2,1,1,1,2,2,2,2,1,1,1,1,2,2,2,1,1,4,2,2,2,2,1,1,1,2,2,2,2,29,Female,1,5,2,1,2022-07-06-12-04,2022-07-06-12-11,7
60dc2b519c5a4528f5801595,2,A person is walking their dog on a lead.,They seem to be confused and shocked by where the dog is leading them.,They appear to be being pulled by the dog in a certain direction.,,,,1,1,1,1,2,2,2,1,4,4,2,2,2,2,1,1,1,4,2,2,2,1,1,1,2,2,2,2,1,1,4,4,3,2,2,1,1,1,4,2,2,2,1,1,1,2,2,2,2,1,1,4,4,2,2,2,1,1,4,2,2,2,2,1,1,4,4,2,2,2,43,Female,3,1,1,3,2022-07-08-14-11,2022-07-08-14-18,7
6085706070206a5074a57e80,1,,,,He appears to be walking his dog ~~,His dog has pulled on the lead ,He is confused as to why his dog is acting this way ,1,1,1,2,1,2,2,1,1,1,2,2,2,2,1,1,1,1,4,2,2,1,1,1,1,1,2,2,1,1,1,2,2,2,2,1,1,4,4,2,2,2,1,1,1,4,1,1,2,1,1,1,1,2,2,2,1,1,1,2,2,2,2,1,1,1,1,4,2,2,26,female,1,1,1,1,2022-07-08-14-12,2022-07-08-14-22,10
6015cc8c9807116ee723287d,2,They are walking their dog. ,The dog is pulling their owner who is trying to stop. ,They are upset that their dog will not stop and is pulling them. ,,,,1,1,1,1,2,2,2,1,1,1,1,2,2,2,1,1,1,1,2,2,2,1,1,1,1,2,2,2,1,1,1,1,2,2,2,1,1,1,1,2,2,2,1,1,1,2,2,2,2,1,1,1,1,2,2,2,1,1,2,2,2,2,2,1,1,1,1,2,2,2,25,Female,3,2,2,2,2022-07-08-14-10,2022-07-08-14-17,7
5faaac20cb538f43abbd7c9f,1,,,,A man is walking a dog. ,"The dog is pulling hard on the lead, pulling the man along.",The man is exclaiming out loud.,3,1,1,1,4,2,2,1,1,1,2,2,2,2,1,1,4,4,2,2,2,4,1,1,4,4,2,2,1,1,1,4,4,2,2,1,1,1,1,4,2,2,1,1,1,4,2,2,2,1,1,1,1,2,2,2,1,1,4,4,4,2,2,1,1,4,4,2,2,2,32,Non-binary,1,1,1,1,2022-07-08-14-13,2022-07-08-14-17,4
572ddc58e5c53b000e8dfd78,2,They are taking the dog for a walk,They're a bit frustrated because their dog is pulling on the lead quite a lot ,,,,,1,1,1,1,4,4,2,1,1,1,4,2,2,2,1,1,1,1,4,2,2,1,1,1,1,1,3,2,1,1,1,3,4,2,2,1,1,1,1,3,2,2,1,1,1,4,2,2,2,1,1,1,1,4,2,2,1,1,1,4,2,2,2,1,1,1,1,3,2,2,28,Female,1,1,1,1,2022-07-06-12-00,2022-07-06-12-06,6
613a351ccdd16e7b9ea085f9,1,,,,He is walking his dog. ,He seems to be in distress. ,His dog is pulling him. ,1,1,1,1,2,2,2,1,1,1,2,2,2,2,1,1,1,1,2,2,2,1,1,1,1,2,2,2,1,1,1,3,2,2,2,1,1,1,1,2,2,2,1,1,1,2,2,2,2,1,1,1,2,2,2,2,1,1,2,2,2,2,2,1,1,1,1,2,2,2,24,Female,1,1,1,1,2022-07-06-12-03,2022-07-06-12-09,6
5bf6bbeb31f7850001d24ce2,1,,,,The man is taking his dog for a walk.,The dog is pulling on the lead.,The man is struggling with the dog and appears to be getting a bit angry.,1,1,1,4,2,2,2,1,4,2,2,2,2,2,1,1,4,2,2,2,2,1,4,1,4,2,2,2,1,1,1,2,2,2,2,1,1,1,4,2,2,2,1,1,1,2,2,2,2,1,1,4,2,2,2,2,4,1,2,2,2,2,2,1,1,1,4,2,2,2,49,Female ,2,2,2,2,2022-07-08-14-15,2022-07-08-14-23,8
5b942c77b2352100016db457,2,They are taking their dog for a walk.,They are struggling to control their dog.,They don't know what to think of the dog.,,,,1,1,1,1,2,2,2,1,1,1,2,2,2,2,1,1,1,1,2,2,2,1,1,1,1,2,2,2,1,1,1,1,2,2,2,1,1,1,1,2,2,2,1,1,1,2,2,2,2,1,1,1,1,2,2,2,1,1,1,2,2,2,2,1,1,1,1,2,2,2,58,Woman,5,5,5,5,2022-07-08-14-11,2022-07-08-14-24,13
60fa731fbd71296974a941d4,1,,,,He is walking a dog ,He is being pulled by the dog ,He is getting angry,1,1,1,2,2,2,2,1,1,2,2,2,2,2,1,1,1,2,2,2,2,1,1,1,1,2,2,2,1,1,1,2,2,2,2,1,1,1,1,2,2,2,1,1,1,2,2,2,2,1,1,1,1,2,2,2,2,2,2,2,2,2,2,1,1,1,2,2,2,2,38,Female ,4,4,4,4,2022-07-08-14-04,2022-07-08-14-09,5
62b01c7c42ec704b3b0b2027,1,,,,A person is taking a medium or larger sized dog for a walk.,The dog is pulling hard as the person is struggling to hold on and stay still.,The person is trying with some force to hold the dog and stay still.,1,1,1,1,2,2,2,1,1,4,2,2,2,2,1,1,1,2,2,2,2,1,1,1,2,2,2,2,1,1,1,1,4,2,2,1,1,1,4,2,2,2,1,1,1,2,2,2,2,1,1,1,4,2,2,2,1,1,2,2,2,2,2,1,1,1,4,2,2,2,34,Female,5,3,3,3,2022-07-08-14-08,2022-07-08-14-16,8
5eab992051d980000afe1178,2,Walking their dog ,Dog is going too fast and going crazy ,Owner is trying to calm them down but shouting,,,,1,1,1,1,4,4,4,1,1,1,4,2,2,2,1,1,1,1,4,4,2,1,1,1,1,1,4,2,1,1,1,4,4,4,2,1,1,1,1,4,3,2,1,1,1,4,4,2,2,1,1,1,1,4,4,4,1,1,1,4,4,4,4,1,1,1,4,2,2,2,28,Female ,5,5,5,5,2022-07-06-12-19,2022-07-06-12-22,3
5e831dfa79f7fb000c708f84,2,They appear to be talking a dog for a walk on a lead.,They appear to be being dragged along by their dog.,It seems that they might me shocked or alarmed or angry or confused.,,,,1,1,1,4,2,2,2,1,1,1,1,4,4,2,3,3,4,4,4,2,2,1,1,1,4,3,3,2,1,1,3,4,3,3,2,1,1,1,4,4,2,2,1,1,4,4,4,3,3,4,4,1,4,3,2,2,3,4,4,4,2,2,2,1,1,1,4,4,2,2,26,Woman,1,1,1,1,2022-07-08-14-10,2022-07-08-14-20,10
5ac8f26d1667e40001d888ff,1,,,,He is taking a dog for a walk,He is thinking about something,He is outside,1,1,1,4,2,2,2,1,4,2,2,2,2,2,4,1,1,4,2,2,2,1,1,1,4,2,2,2,1,1,1,4,2,2,2,1,1,4,4,4,2,2,1,1,4,2,2,2,2,1,1,1,4,4,2,2,2,4,2,2,2,2,2,1,1,4,4,4,2,2,34,female,3,2,1,3,2022-07-06-11-54,2022-07-06-12-00,6
5c0974db5b283a0001c8a32b,1,,,,The man is walking the dog ,The dog is pulling on the lead,The man is struggling to hold the dog and he is panicking ,1,1,1,1,1,2,2,1,1,1,1,2,2,2,1,1,1,2,1,2,2,1,1,1,1,2,2,2,1,1,1,2,2,2,2,1,1,1,1,2,1,2,1,1,1,2,1,1,2,1,1,2,1,2,2,2,1,1,1,1,2,2,2,1,1,1,1,1,2,1,33,Female,2,3,2,5,2022-07-08-14-04,2022-07-08-14-17,13
5ed90e1ff2a1840a177877d3,1,,,,He is walking a dog that appears to be running off.,The speech bubbles seem to suggest he is alarmed and confused.,The 3 lines under him suggest that he is digging his feet into the ground to stop the dog running away.,1,1,1,2,2,2,2,1,1,1,2,2,2,2,1,1,4,4,2,2,2,1,1,1,1,2,2,2,1,1,1,2,4,2,2,1,1,1,1,2,2,2,1,1,1,2,2,2,2,1,1,1,1,2,2,2,1,2,2,4,2,2,2,1,1,1,1,4,2,2,28,female,2,2,3,3,2022-07-08-14-03,2022-07-08-14-18,15
5ef8bf58eda83205028e0db9,2,They are walking their dog on a lead.,But it seems like the dog is pulling forward and they are digging in their heels.,They seem surprised and confused by being pulled.,,,,1,1,1,1,3,2,2,3,1,3,3,2,2,2,1,1,1,1,3,2,2,1,1,1,1,3,2,2,1,1,1,3,3,2,2,1,1,1,3,3,2,2,1,1,1,1,2,2,2,1,1,1,3,3,2,2,1,1,1,3,3,2,2,1,1,1,1,2,2,2,26,agender,1,1,1,1,2022-07-06-11-54,2022-07-06-11-58,4
5b7f17a7338a93000155a36d,2,The person is being dragged along by a dog on a leash.,They are surprised and confused about the situation and are resisting by dragging their feet on the ground.,They continue to hold the dog on the leash.,,,,1,1,1,1,2,2,2,1,1,1,2,2,2,2,1,1,1,2,2,2,2,1,1,1,1,2,2,2,1,1,1,1,4,2,2,1,1,1,4,1,2,2,1,1,1,2,2,2,2,1,1,1,2,2,2,2,2,1,2,2,2,2,2,1,1,1,4,2,2,2,22,Woman,2,2,2,2,2022-07-06-11-59,2022-07-06-12-06,7
62b0607aba2afc340c0f4389,1,,,,He was taking his dog for walk in the park.,His dog saw other dogs and started to pull his owner because he wanted to play with the other dogs.,He was pulling back on the dogs lead so he could unclip his dog and let him go and play with the other dogs.,1,1,2,1,2,2,2,1,1,1,1,2,2,2,1,1,1,1,2,2,2,1,1,1,1,3,1,2,1,1,1,3,3,2,2,1,1,1,1,2,2,2,1,1,1,2,3,2,2,1,1,1,1,2,2,2,3,1,1,2,2,2,2,1,1,1,1,2,2,2,28,Male,4,4,3,3,2022-07-06-11-55,2022-07-06-12-04,9
5cd59972141c860019dde025,2,The person is walking a dog on a lead,The dog is pulling on the lead and they are struggling to control it,They are wondering what to do and are annoyed,,,,1,1,1,1,2,2,2,1,1,1,2,2,2,2,1,1,1,1,2,2,2,1,1,1,1,2,2,2,1,1,1,1,2,2,2,1,1,1,1,2,2,2,1,1,1,2,2,2,2,1,1,1,2,2,2,2,2,1,3,2,2,2,2,1,1,1,1,2,2,2,45,Female,2,1,1,1,2022-07-06-12-01,2022-07-06-12-13,12
60891bbc83f4874212f17e38,2,The person is trying to slow the dog down.,The person has got the speach bubbles going off their head: one with question marks and the other with exclamation marks.,The dog does not seem to be responsive to their owner.,,,,1,1,1,2,2,2,2,1,1,2,2,2,2,2,1,1,4,2,2,2,2,1,1,2,2,2,2,2,1,1,1,1,2,2,2,1,1,1,2,2,2,2,1,1,1,2,2,2,2,1,4,1,2,2,2,2,2,2,2,2,2,2,2,1,1,1,1,2,2,2,32,woman,1,1,1,1,2022-07-08-14-09,2022-07-08-14-19,10
6148beccb767e62c451ce7bc,2,They are walking a dog on a lead ,The dog is pulling them along,They are wondering why the dog is doing this,,,,1,1,1,1,2,2,2,3,3,2,2,2,2,2,1,4,3,2,2,2,2,3,1,3,1,3,2,2,1,1,1,3,2,3,2,1,1,1,1,2,2,2,1,1,1,2,2,2,2,1,3,3,3,2,2,2,1,3,4,2,2,2,2,1,1,3,2,2,2,2,49,Female,3,4,2,5,2022-07-08-14-04,2022-07-08-14-12,8
5fb4f8799f1ebc2ead2ea064,2,The person is walking their dog.,The dog is pulling the person along quite quickly,"The person is exlaiming, perhaps using expletives, about the dog's actions.",,,,1,4,4,4,2,2,2,4,4,4,4,2,2,2,4,4,1,2,2,2,2,1,4,4,1,4,2,2,1,4,4,4,2,2,2,4,1,1,1,4,2,2,1,4,4,2,2,2,2,1,4,4,4,4,2,2,1,1,4,2,4,2,2,1,1,4,4,2,2,2,39,female,5,2,2,2,2022-07-06-12-02,2022-07-06-12-09,7
5cab528ae4e9970001f62fea,1,,,,The man is walking his dog on a lead ,He is being pulled by the dog ,He is shocked and startled by the dog pulling on the lead ,1,1,1,4,2,2,2,1,1,1,2,2,2,2,1,4,1,4,2,2,2,1,1,1,1,4,2,2,1,1,1,2,2,2,2,1,1,1,2,2,2,2,1,1,1,2,2,2,2,1,2,4,4,2,2,2,1,2,2,2,2,2,2,1,1,1,4,2,2,2,42,Female ,5,4,5,4,2022-07-06-12-04,2022-07-06-12-14,10
60db8ddfbcb65e3ec09fb5ac,2,They are struggling to handle the dog,The person and the dog look like ballon figures,the animal seems to be a dog and they seem friendly,,,,1,1,1,1,3,2,2,1,1,1,2,2,2,2,1,1,1,1,2,2,2,1,1,1,2,2,2,2,1,1,1,1,3,2,2,1,1,1,3,2,2,2,1,1,1,2,2,2,2,1,1,1,1,1,2,2,1,1,1,2,2,2,2,1,1,1,4,2,2,2,20,female ,3,3,1,1,2022-07-06-12-00,2022-07-06-12-08,8
602bb233cb3b6f316811f09f,1,,,,The man is being pulled along by his dog,He is shocked and wondering why the dog is pulling him ,The man is walking his dog on a lead,1,1,1,1,2,2,2,1,1,1,2,2,2,2,1,1,3,4,2,2,2,1,1,1,2,2,2,2,1,1,1,3,3,2,2,1,1,1,3,2,2,2,1,1,4,2,2,2,2,1,1,1,2,2,2,2,1,4,1,2,2,2,2,1,1,1,2,2,2,2,32,Female,3,2,1,2,2022-07-08-14-04,2022-07-08-14-12,8
598d74208380cc00012a3a62,2,The person in the imagine is walking a dog.,The dog is pulling on the lead.,They are struggling with the lead and getting annoyed.,,,,1,1,1,1,2,2,2,1,1,2,2,2,2,2,1,1,1,1,2,2,2,1,1,1,2,2,2,2,1,1,1,1,2,2,2,1,1,1,1,2,2,2,1,1,1,2,2,2,2,1,1,1,1,1,2,2,1,2,1,2,2,2,2,1,1,1,2,2,2,2,36,Female,1,2,1,1,2022-07-08-14-06,2022-07-08-14-14,8
613aeee1621e5eccccc8cea2,2,They are walking their dog ,The dog is pulling them,They are swearing at their dog ,,,,1,1,1,1,2,2,2,1,1,2,2,2,2,2,1,1,1,2,2,2,2,1,1,1,2,2,2,2,1,1,2,2,2,2,2,1,1,1,2,2,2,2,1,1,1,2,2,2,2,1,1,1,1,2,2,2,1,1,2,2,2,2,2,1,1,2,4,2,2,2,31,Female ,1,1,1,1,2022-07-08-14-13,2022-07-08-14-20,7
5cd4ad19f014930017d35d6a,1,,,,He is walking the dog,The dog is pulling him along,He is being pulled whilst walking the dog,1,1,1,2,2,2,2,1,1,1,2,2,2,2,1,1,1,1,2,2,2,1,1,1,1,1,2,2,1,1,1,1,1,2,2,1,1,1,1,1,2,2,1,1,1,2,2,2,2,1,1,1,1,2,2,2,1,1,2,2,2,2,2,1,1,1,1,2,2,2,38,female,5,5,2,3,2022-07-08-14-04,2022-07-08-14-16,12
5ef436028e8b151e6ae5645e,2,the are walking a dog,being dragged along by the dog,they are stressed out by walking the dog,,,,1,1,1,1,2,2,2,1,1,2,2,2,2,2,1,1,1,2,2,2,2,1,1,1,2,2,2,2,1,1,1,1,2,2,2,1,1,1,2,2,2,2,1,1,1,2,2,2,2,1,1,1,1,2,2,2,1,1,1,2,2,2,2,1,1,1,2,2,2,2,30,female,5,5,1,3,2022-07-08-14-12,2022-07-08-14-20,8
5b9aed646a11180001a8082e,2,They are walking the dog,They look like they have started to fall over whilst walking the dog,They look like they are cursing because they have started to fall over whilst walking the dog,,,,1,1,1,1,2,2,2,4,1,2,2,2,2,2,1,1,4,2,2,2,2,1,1,1,4,4,2,2,1,1,4,4,2,2,2,1,1,1,1,2,2,2,1,1,1,2,2,2,2,1,1,1,4,2,2,2,4,1,4,4,2,2,2,1,1,4,4,2,2,2,40,Female ,5,1,1,3,2022-07-06-12-09,2022-07-06-12-15,6
60fd18014ab7337e50410a64,2,They are cross and confused as their dog is pulling to go in a different direction to the one that the own wants to go.,"They might be saying something like, 'What are you doing? You are really annoying me!!'",The dog is pulling on the lead so hard that they are being dragged along.,,,,1,1,1,4,4,2,2,1,1,1,4,2,2,2,1,1,1,2,2,2,2,1,1,1,4,2,2,2,1,1,4,3,2,2,2,1,1,1,4,4,2,2,1,1,1,2,2,2,2,1,1,1,1,2,2,2,1,2,2,2,2,2,2,1,1,1,1,2,2,2,49,woman,1,1,1,1,2022-07-08-14-13,2022-07-08-14-27,14
6126b9430c33506567944999,2,They are trying to stop their dog from pulling ,Their frustrated about the dog pulling them ,They are shouting at the dog to try and stop it from pulling ,,,,1,1,1,1,2,2,2,1,1,1,2,2,2,2,1,1,1,2,2,2,2,1,1,1,1,2,2,2,1,1,1,2,2,2,2,1,1,1,1,2,2,2,1,1,1,2,1,4,2,1,1,1,1,2,2,2,1,3,2,2,2,2,2,1,1,1,2,2,2,2,28,Female,3,1,3,5,2022-07-06-11-58,2022-07-06-12-05,7
5f48cd6061235238d144db2c,1,,,,He is trying to controll his dog.,He is suprised about his dog pulling his leash.,He is stepping back to pull back his dog.,1,1,1,1,2,2,2,1,3,2,2,2,2,2,1,1,1,1,2,2,2,1,1,1,1,2,2,2,1,1,1,1,3,2,2,1,1,1,1,1,2,2,1,1,1,2,1,2,2,1,1,1,1,2,2,2,1,1,2,2,2,2,2,1,1,1,2,2,2,2,20,male,3,1,2,3,2022-07-08-14-07,2022-07-08-14-15,8
58bbf520464ae40001bec33c,1,,,,He is struggling to walk his dog.,He is leaning back hard on the lead and getting annoyed.,His dog is pulling hard.,1,1,1,3,2,2,2,1,1,1,2,2,2,2,1,1,1,1,2,2,2,1,1,1,1,1,2,2,1,1,1,2,2,2,2,1,1,1,1,2,2,2,1,1,1,2,2,2,2,1,1,1,3,2,2,2,1,1,1,2,2,2,2,1,1,1,3,2,2,2,52,Female,4,3,5,4,2022-07-08-14-11,2022-07-08-14-17,6
5bb21a6ed14ec100019840fb,1,,,,Walking his dog,Trying to slow the dog down,Questioning thoughts ,1,1,1,2,2,2,2,1,1,1,2,2,2,2,1,1,1,1,2,2,2,1,1,1,2,2,2,2,1,1,1,1,2,2,2,1,1,1,1,2,2,2,1,1,1,2,2,2,1,1,1,1,1,2,2,2,2,2,2,2,2,2,2,1,1,1,2,2,2,2,30,Male,2,1,2,2,2022-07-08-14-14,2022-07-08-14-19,5
5d824b54263f1b0001feb4d6,1,,,,This person is taking the dog for a walk.,He is being dragged by his dog.,The person is beginning to lose his balance as his dog is dragging him and he is unable to control it.,1,1,1,1,2,2,2,1,1,1,2,2,2,2,1,1,1,2,2,2,2,1,1,1,1,2,2,2,1,1,1,1,2,2,2,1,1,1,1,2,2,2,1,1,1,2,2,2,2,1,1,1,1,2,2,2,1,1,1,2,2,2,2,1,1,1,1,2,2,2,68,Female,5,5,5,5,2022-07-08-14-10,2022-07-08-14-21,11
5dfeb647c0b81fb457299d05,2,The person is taking their dog for a walk.,"Clearly, the person had underestimated the enthusiasm of their dog!",The dog is pulling at the leash; the person is startled and attempting to draw their dogs attention to make them slow down.,,,,1,1,1,3,2,2,2,1,1,2,2,2,2,2,1,1,4,4,2,2,2,1,1,4,4,2,2,2,1,1,3,3,2,3,2,1,1,1,4,2,2,2,1,1,1,2,2,2,2,1,1,1,1,2,2,2,1,4,2,2,2,2,2,1,1,4,2,2,2,2,22,Female,5,1,4,4,2022-07-08-14-11,2022-07-08-14-19,8
5f23dd005a990d1d4fcfee68,1,,,,He is trying to walk his dog. ,"However, the dog seems to be stronger than him by pulling him. ",He seems to be annoyed with dog for pulling. ,1,1,1,4,2,2,2,1,3,2,3,2,2,2,1,1,3,4,2,2,2,4,1,1,3,2,2,2,1,1,3,1,2,2,2,1,1,1,1,2,2,2,1,1,1,2,2,2,2,1,1,1,2,2,2,2,3,3,3,2,2,2,2,1,1,4,4,2,2,2,23,Woman ,5,3,4,5,2022-07-06-12-01,2022-07-06-12-09,8
5f563771f9d13401b412c765,1,,,,A man is taking his dog for a walk.,The dog is pulling on his lead.,The man seems angry and confused that the dog is pulling hard on the leash.,1,1,1,1,2,2,2,1,1,4,2,2,2,2,1,1,1,2,2,2,2,1,1,1,4,2,4,2,1,1,4,2,2,2,2,1,1,1,1,2,2,2,1,1,1,2,2,2,2,1,1,1,4,2,2,2,4,4,2,2,2,2,2,1,1,1,2,2,2,2,50,Female,1,1,1,2,2022-07-08-14-05,2022-07-08-14-24,19
6149c45d3b339b0df37ffefc,2,They are being dragged by their dog ,They aren't very happy about it,They can't control their dog ,,,,1,1,4,4,2,2,2,1,4,2,2,2,2,2,1,1,1,4,2,2,2,1,1,1,4,2,4,2,1,1,1,1,2,2,2,1,1,1,4,4,2,2,1,1,1,2,2,2,2,1,1,1,4,4,2,2,1,1,2,2,2,2,2,1,1,1,1,4,4,2,38,Female ,2,1,1,2,2022-07-06-11-56,2022-07-06-12-01,5
6123460a5146e28b7b216bb6,2,In this image there is a person being pulled by a dog.,They are confused about why the dog is pulling so hard.,They don't seem to enjoy the walk.,,,,1,1,1,3,2,2,2,1,1,3,3,2,2,2,1,1,1,2,2,2,2,3,1,1,3,2,2,2,1,3,3,3,2,2,2,1,1,3,3,2,2,2,1,1,1,2,3,2,2,3,1,2,2,2,2,2,3,3,3,2,2,2,2,1,1,1,3,2,2,2,30,Woman ,5,3,5,5,2022-07-06-12-04,2022-07-06-12-15,11
60fd48bc62789e40103f3636,2,The person is walking their dog.,Their dog is pulling and it looks like they are struggling to keep a good pace.,They are thinking.,,,,1,1,1,1,1,2,2,1,1,1,2,2,2,2,1,1,1,1,1,2,2,1,1,1,2,2,2,2,1,1,1,1,2,2,2,1,1,1,1,4,2,2,1,1,1,1,4,2,2,1,1,1,1,2,2,2,1,1,2,2,2,2,2,1,1,1,1,2,2,2,22,woman,1,1,1,1,2022-07-06-11-58,2022-07-06-12-05,7
6079a513a96682665612c7b4,1,,,,He is walking his dog,He is trying to stop the dog,The dog is resisting,4,1,1,4,4,2,2,1,4,3,4,2,2,2,1,4,4,4,4,2,2,1,1,4,4,4,2,2,1,4,1,4,4,4,2,4,1,4,4,4,2,2,4,1,1,4,2,2,2,4,4,4,4,4,2,2,4,4,4,2,2,2,2,1,1,1,4,2,2,2,30,female,5,5,5,5,2022-07-08-14-14,2022-07-08-14-22,8
5c6e591fc114eb00018b2633,1,,,,she taking her pet dog for a walk ,she seems to be running the dog is pulling her ,she is shouting for help from someone,1,1,1,1,1,2,2,1,1,1,2,2,2,2,1,1,1,1,1,2,2,1,1,1,1,1,2,2,1,1,1,1,3,2,2,1,1,1,1,2,2,2,1,1,1,1,3,2,2,1,1,1,1,3,2,2,1,1,1,1,3,2,2,1,1,1,1,1,2,2,79,female,5,5,5,5,2022-07-08-14-04,2022-07-08-14-14,10
60dc691a18f5a54079a7967c,1,,,,Hes is shouting at his dog ,He doesnt understand why his dog want to go opposite direction ,He's trying to pull his dog to the different direction ,1,1,1,1,2,2,2,1,2,2,2,2,2,2,1,1,1,2,2,2,2,2,2,1,2,2,2,2,1,2,2,2,2,2,2,1,1,1,2,2,2,2,1,1,1,2,2,2,2,2,1,1,2,2,2,2,1,1,2,2,2,2,2,1,2,2,2,2,2,2,39,Women ,5,5,5,5,2022-07-06-12-00,2022-07-06-12-08,8
555b4c66fdf99b19786e3fa8,2,The dog is pulling on the lead. ,This make the person feel angry. ,They shout at the dog,,,,1,1,1,2,2,2,2,1,2,2,2,2,2,2,1,1,2,2,2,2,2,1,1,1,2,2,2,2,1,1,1,2,2,2,2,1,1,1,1,2,2,2,1,1,1,2,2,2,2,1,1,1,1,2,2,2,1,2,2,2,2,2,2,1,1,1,2,2,2,2,28,Male,5,3,5,5,2022-07-08-14-15,2022-07-08-14-21,6
5bf323f866dc510001b309fa,1,,,,A man is walking his dog,The dog is pulling against the lead in the opposite direction to which the man wants to go,He is becoming visibly distressed as the dog is not listening,1,1,1,3,2,2,2,2,2,1,2,2,2,2,1,1,1,2,2,2,2,1,1,1,1,2,2,2,1,3,3,2,2,2,2,1,1,1,2,2,2,2,1,1,1,2,2,2,2,1,1,1,4,2,2,2,2,2,2,2,2,2,2,1,1,2,2,2,2,2,26,Non Binary,3,1,1,1,2022-07-06-12-01,2022-07-06-12-07,6
5f3031df1cdf49462ce74533,2,Their dog is pulling on the lead.,They are nearly being dragged by their dog,The person is swearing as they are being pulled by their dog,,,,1,1,1,1,2,2,2,1,2,2,2,2,2,2,1,1,2,2,2,2,2,1,1,2,2,2,2,2,1,1,1,2,2,2,2,1,1,2,2,2,2,2,1,1,1,2,2,2,2,1,1,2,2,2,2,2,1,1,2,2,2,2,2,1,1,1,2,2,2,2,61,female,2,1,1,2,2022-07-08-14-11,2022-07-08-14-23,12
5c9b534b519f7500182be9b7,2,The person is walking a dog on a lead.,They seem to be confused by something and is pulling back on the lead.,The dog does not seem to be aware and is carrying on walking.,,,,1,1,1,1,4,2,2,1,4,4,2,2,2,2,1,4,4,4,2,2,2,1,1,1,1,4,2,2,3,3,3,3,2,2,2,1,1,1,4,2,2,2,1,1,1,2,2,2,2,1,1,1,4,2,2,2,4,4,2,2,2,2,2,1,1,1,4,2,2,2,46,Female,1,1,1,1,2022-07-08-14-06,2022-07-08-14-16,10
5e20e7b3ed7a203f748184f6,2,The person is walking a dog ,The dog is pulling the person by walking faster than the person ,The person is concerned and is trying to slow the dog down,,,,1,1,1,2,2,2,2,2,2,2,2,2,2,2,1,1,2,2,2,2,2,2,1,2,2,2,2,2,1,2,2,2,2,2,2,1,1,1,1,2,2,2,1,1,1,2,2,2,2,1,1,1,2,2,2,2,2,2,2,2,2,2,2,1,2,2,2,2,2,2,32,Female,1,1,1,1,2022-07-08-14-14,2022-07-08-14-29,15
56d07dbe197fb10006233c1e,2,The person is taking their dog.for a walk.,The dog sees something and pulls hard on the lead.,The person gets dragged along suddenly by the dog.,,,,1,1,1,1,2,2,2,1,1,4,2,2,2,2,1,1,1,4,2,2,2,1,1,1,4,2,2,2,1,1,1,1,2,2,2,1,1,1,1,2,2,2,1,1,1,2,2,2,2,1,1,1,1,2,2,2,1,1,1,2,2,2,2,1,1,1,2,2,2,2,49,Female,3,2,3,3,2022-07-08-14-08,2022-07-08-14-15,7
60ef604651e2c760abee8db6,1,,,,The man is trying but struggling to hold his dog back.~~,He is surprised and questioning how eager his dog is to get to whatever it is trying to move to.,The dog seems very strong as it is pulling him to get to whatever it is interested in.,1,1,1,1,2,2,2,1,1,1,1,2,2,2,1,1,1,1,2,2,2,1,1,1,1,1,2,2,1,1,1,1,1,2,2,1,1,1,1,2,2,2,1,1,1,2,4,2,2,1,1,1,4,2,2,2,1,1,1,2,2,2,2,1,1,1,1,2,2,2,21,female,1,1,1,1,2022-07-08-14-11,2022-07-08-14-20,9
627e6f5def772551f0b16747,1,,,,He is walking the dog.,The dog is straining at the leash and dragging him along.,He is not happy that the dog is pulling him.,1,1,1,2,2,2,2,1,2,1,2,2,2,2,1,1,1,2,2,2,2,1,1,1,2,2,2,2,1,1,1,2,2,2,2,1,1,1,2,2,2,2,1,1,1,2,2,2,2,1,1,1,1,2,2,2,1,1,2,2,2,2,2,1,1,2,2,2,2,2,43,Female,1,1,1,5,2022-07-08-14-11,2022-07-08-14-19,8
